ruta,zona,clase,mb,vivo_kb,condicion,fuente_a34,ssim_vivo
_originales/catalogo/marcas/01f974db-e8b9-4179-a36f-af0d776ae4dc-k6u3ms.jpg,catalogo,image,1.1,188,no hace falta: el vivo no se recomprime desde aquí (al ejecutar se mide su SSIM antes de borrar),false,
_originales/catalogo/marcas/01f974db-e8b9-4179-a36f-af0d776ae4dc-s2-k6u3ms.jpg,catalogo,image,1.1,188,no hace falta: el vivo no se recomprime desde aquí (al ejecutar se mide su SSIM antes de borrar),false,
_originales/catalogo/marcas/0373f196-911c-40d9-aabd-4a30f9528b87-ic66ou.jpg,catalogo,image,1.3,249,no hace falta: el vivo no se recomprime desde aquí (al ejecutar se mide su SSIM antes de borrar),false,
_originales/catalogo/marcas/0373f196-911c-40d9-aabd-4a30f9528b87-s2-ic66ou.jpg,catalogo,image,1.4,253,fuente de A3/A4: borrar DESPUÉS de recomprimir y verificar,true,
_originales/catalogo/marcas/06ecb120-e6cd-4e2a-9fca-d64175e8204f-kpu1c5.jpg,catalogo,image,1.4,220,no hace falta: el vivo no se recomprime desde aquí (al ejecutar se mide su SSIM antes de borrar),false,
_originales/catalogo/marcas/06ecb120-e6cd-4e2a-9fca-d64175e8204f-s2-kpu1c5.jpg,catalogo,image,1.4,222,no hace falta: el vivo no se recomprime desde aquí (al ejecutar se mide su SSIM antes de borrar),false,
_originales/catalogo/marcas/09f2da04-ad48-40c2-9b16-3ea7f2f6beaf-cbt82h.jpg,catalogo,image,1.1,182,no hace falta: el vivo no se recomprime desde aquí (al ejecutar se mide su SSIM antes de borrar),false,
_originales/catalogo/marcas/09f2da04-ad48-40c2-9b16-3ea7f2f6beaf-s2-cbt82h.jpg,catalogo,image,1.1,186,no hace falta: el vivo no se recomprime desde aquí (al ejecutar se mide su SSIM antes de borrar),false,
_originales/catalogo/marcas/0a7aacbf-f063-4ea0-ba1e-ddde817b888f-s2-y25byp.jpg,catalogo,image,1.3,192,no hace falta: el vivo no se recomprime desde aquí (al ejecutar se mide su SSIM antes de borrar),false,
_originales/catalogo/marcas/103a1080-a623-4cf0-bdc5-46d68ab79e11-7i85qq.jpg,catalogo,image,1.4,226,no hace falta: el vivo no se recomprime desde aquí (al ejecutar se mide su SSIM antes de borrar),false,
_originales/catalogo/marcas/103a1080-a623-4cf0-bdc5-46d68ab79e11-s2-7i85qq.jpg,catalogo,image,1.4,226,no hace falta: el vivo no se recomprime desde aquí (al ejecutar se mide su SSIM antes de borrar),false,
_originales/catalogo/marcas/10fb77e4-6708-4a89-9fe2-8d8b74b77687-s2-u6b896.jpg,catalogo,image,2.3,320,fuente de A3/A4: borrar DESPUÉS de recomprimir y verificar,true,
_originales/catalogo/marcas/10fb77e4-6708-4a89-9fe2-8d8b74b77687-u6b896.jpg,catalogo,image,2.2,321,fuente de A3/A4: borrar DESPUÉS de recomprimir y verificar,true,
_originales/catalogo/marcas/1196d12a-78a3-49a7-978c-786168a39207-s2-sjl4a3.jpg,catalogo,image,1.3,243,no hace falta: el vivo no se recomprime desde aquí (al ejecutar se mide su SSIM antes de borrar),false,
_originales/catalogo/marcas/1196d12a-78a3-49a7-978c-786168a39207-sjl4a3.jpg,catalogo,image,1.3,243,no hace falta: el vivo no se recomprime desde aquí (al ejecutar se mide su SSIM antes de borrar),false,
_originales/catalogo/marcas/14559dda-7e2f-4931-b01a-08dd3093f1ec-cbt82h.jpg,catalogo,image,1.3,245,no hace falta: el vivo no se recomprime desde aquí (al ejecutar se mide su SSIM antes de borrar),false,
_originales/catalogo/marcas/14559dda-7e2f-4931-b01a-08dd3093f1ec-s2-cbt82h.jpg,catalogo,image,1.4,249,no hace falta: el vivo no se recomprime desde aquí (al ejecutar se mide su SSIM antes de borrar),false,
_originales/catalogo/marcas/1a35d60e-692d-447c-b01e-ed1a2f76afaf-a1i8iw.jpg,catalogo,image,2.7,472,fuente de A3/A4: borrar DESPUÉS de recomprimir y verificar,true,
_originales/catalogo/marcas/1a35d60e-692d-447c-b01e-ed1a2f76afaf-s2-a1i8iw.jpg,catalogo,image,2.7,471,fuente de A3/A4: borrar DESPUÉS de recomprimir y verificar,true,
_originales/catalogo/marcas/1b4bde45-846f-4d40-9d9d-998da4911f34-s2-tc1dr3.jpg,catalogo,image,1.4,222,no hace falta: el vivo no se recomprime desde aquí (al ejecutar se mide su SSIM antes de borrar),false,
_originales/catalogo/marcas/1b4bde45-846f-4d40-9d9d-998da4911f34-tc1dr3.jpg,catalogo,image,1.4,222,no hace falta: el vivo no se recomprime desde aquí (al ejecutar se mide su SSIM antes de borrar),false,
_originales/catalogo/marcas/1df066d0-afcd-4b72-9d89-fd9659e5aea2-178-s2-2a5jjh.jpg,catalogo,image,1.1,178,no hace falta: el vivo no se recomprime desde aquí (al ejecutar se mide su SSIM antes de borrar),false,
_originales/catalogo/marcas/1df066d0-afcd-4b72-9d89-fd9659e5aea2-178-s2-3w49k9.jpg,catalogo,image,1.3,243,no hace falta: el vivo no se recomprime desde aquí (al ejecutar se mide su SSIM antes de borrar),false,
_originales/catalogo/marcas/1df066d0-afcd-4b72-9d89-fd9659e5aea2-178-s2-i9g2av.jpg,catalogo,image,1.1,132,no hace falta: el vivo no se recomprime desde aquí (al ejecutar se mide su SSIM antes de borrar),false,
_originales/catalogo/marcas/1df066d0-afcd-4b72-9d89-fd9659e5aea2-178-s2-ljl6ha.jpg,catalogo,image,1.1,175,no hace falta: el vivo no se recomprime desde aquí (al ejecutar se mide su SSIM antes de borrar),false,
_originales/catalogo/marcas/1df066d0-afcd-4b72-9d89-fd9659e5aea2-178-s2-qj1i6w.jpg,catalogo,image,2.3,318,fuente de A3/A4: borrar DESPUÉS de recomprimir y verificar,true,
_originales/catalogo/marcas/1e41dcae-cd3c-4d72-b37a-65da03c9d826-s2-s2tr5y.jpg,catalogo,image,1.4,220,no hace falta: el vivo no se recomprime desde aquí (al ejecutar se mide su SSIM antes de borrar),false,
_originales/catalogo/marcas/1e41dcae-cd3c-4d72-b37a-65da03c9d826-s2tr5y.jpg,catalogo,image,1.4,217,no hace falta: el vivo no se recomprime desde aquí (al ejecutar se mide su SSIM antes de borrar),false,
_originales/catalogo/marcas/234fede1-2026-4615-8952-9a2138225aa5-4pzl98.jpg,catalogo,image,0.9,176,no hace falta: el vivo no se recomprime desde aquí (al ejecutar se mide su SSIM antes de borrar),false,
_originales/catalogo/marcas/234fede1-2026-4615-8952-9a2138225aa5-s2-4pzl98.jpg,catalogo,image,0.9,176,no hace falta: el vivo no se recomprime desde aquí (al ejecutar se mide su SSIM antes de borrar),false,
_originales/catalogo/marcas/23cea4b2-2877-458f-acd2-899f3951e321-2tvlrm.jpg,catalogo,image,1.1,185,no hace falta: el vivo no se recomprime desde aquí (al ejecutar se mide su SSIM antes de borrar),false,
_originales/catalogo/marcas/23cea4b2-2877-458f-acd2-899f3951e321-s2-2tvlrm.jpg,catalogo,image,1.1,186,no hace falta: el vivo no se recomprime desde aquí (al ejecutar se mide su SSIM antes de borrar),false,
_originales/catalogo/marcas/254fcc17-8ee7-4f78-b2e2-4fbb103e7054-2di5jv.jpg,catalogo,image,0.7,147,no hace falta: el vivo no se recomprime desde aquí (al ejecutar se mide su SSIM antes de borrar),false,
_originales/catalogo/marcas/254fcc17-8ee7-4f78-b2e2-4fbb103e7054-s2-2di5jv.jpg,catalogo,image,0.7,147,no hace falta: el vivo no se recomprime desde aquí (al ejecutar se mide su SSIM antes de borrar),false,
_originales/catalogo/marcas/2896eb3f-ee13-46e5-bc6e-497c2ad015d8-ic66ou.jpg,catalogo,image,1.4,220,no hace falta: el vivo no se recomprime desde aquí (al ejecutar se mide su SSIM antes de borrar),false,
_originales/catalogo/marcas/2896eb3f-ee13-46e5-bc6e-497c2ad015d8-s2-ic66ou.jpg,catalogo,image,1.4,223,no hace falta: el vivo no se recomprime desde aquí (al ejecutar se mide su SSIM antes de borrar),false,
_originales/catalogo/marcas/28b804cb-980e-40c5-8d81-9c941953bedb-ic66ou.jpg,catalogo,image,1.1,184,no hace falta: el vivo no se recomprime desde aquí (al ejecutar se mide su SSIM antes de borrar),false,
_originales/catalogo/marcas/28b804cb-980e-40c5-8d81-9c941953bedb-s2-ic66ou.jpg,catalogo,image,1.2,186,no hace falta: el vivo no se recomprime desde aquí (al ejecutar se mide su SSIM antes de borrar),false,
_originales/catalogo/marcas/2a494c64-1c73-4f25-ada5-d41203e260c3-hlpa0a.jpg,catalogo,image,1.1,174,no hace falta: el vivo no se recomprime desde aquí (al ejecutar se mide su SSIM antes de borrar),false,
_originales/catalogo/marcas/2a494c64-1c73-4f25-ada5-d41203e260c3-s2-hlpa0a.jpg,catalogo,image,1.1,174,no hace falta: el vivo no se recomprime desde aquí (al ejecutar se mide su SSIM antes de borrar),false,
_originales/catalogo/marcas/2a540506-8d2c-44e2-8ac4-c7d710db392f-bk41z9.jpg,catalogo,image,1.4,229,no hace falta: el vivo no se recomprime desde aquí (al ejecutar se mide su SSIM antes de borrar),false,
_originales/catalogo/marcas/2a540506-8d2c-44e2-8ac4-c7d710db392f-s2-bk41z9.jpg,catalogo,image,1.4,229,no hace falta: el vivo no se recomprime desde aquí (al ejecutar se mide su SSIM antes de borrar),false,
_originales/catalogo/marcas/2ab2406a-2e91-46a4-97f5-27668482cec3-6ux9ys.jpg,catalogo,image,1.3,245,no hace falta: el vivo no se recomprime desde aquí (al ejecutar se mide su SSIM antes de borrar),false,
_originales/catalogo/marcas/2ab2406a-2e91-46a4-97f5-27668482cec3-s2-6ux9ys.jpg,catalogo,image,1.4,248,no hace falta: el vivo no se recomprime desde aquí (al ejecutar se mide su SSIM antes de borrar),false,
_originales/catalogo/marcas/2c5027b2-71f2-4aa0-a5ac-1082aa8f3b1b-5y0hhp.jpg,catalogo,image,1.4,213,no hace falta: el vivo no se recomprime desde aquí (al ejecutar se mide su SSIM antes de borrar),false,
_originales/catalogo/marcas/2c5027b2-71f2-4aa0-a5ac-1082aa8f3b1b-s2-5y0hhp.jpg,catalogo,image,1.4,213,no hace falta: el vivo no se recomprime desde aquí (al ejecutar se mide su SSIM antes de borrar),false,
_originales/catalogo/marcas/2d8b42d3-cc20-4fbb-8146-d34c96ce1bcd-8lwa7p.jpg,catalogo,image,1.3,226,no hace falta: el vivo no se recomprime desde aquí (al ejecutar se mide su SSIM antes de borrar),false,
_originales/catalogo/marcas/2d8b42d3-cc20-4fbb-8146-d34c96ce1bcd-s2-8lwa7p.jpg,catalogo,image,1.3,227,no hace falta: el vivo no se recomprime desde aquí (al ejecutar se mide su SSIM antes de borrar),false,
_originales/catalogo/marcas/2e995df0-91e4-4c1e-a83c-27f2882e5c73-g4ymx9.jpg,catalogo,image,1.2,179,no hace falta: el vivo no se recomprime desde aquí (al ejecutar se mide su SSIM antes de borrar),false,
_originales/catalogo/marcas/2e995df0-91e4-4c1e-a83c-27f2882e5c73-s2-g4ymx9.jpg,catalogo,image,1.2,180,no hace falta: el vivo no se recomprime desde aquí (al ejecutar se mide su SSIM antes de borrar),false,
_originales/catalogo/marcas/30b95e94-cae7-4dd8-81cb-17cd228dfc9c-c1q1wc.jpg,catalogo,image,1.1,226,no hace falta: el vivo no se recomprime desde aquí (al ejecutar se mide su SSIM antes de borrar),false,
_originales/catalogo/marcas/30b95e94-cae7-4dd8-81cb-17cd228dfc9c-s2-c1q1wc.jpg,catalogo,image,1.1,226,no hace falta: el vivo no se recomprime desde aquí (al ejecutar se mide su SSIM antes de borrar),false,
_originales/catalogo/marcas/317bed46-2fb9-4239-886f-d1681a80caac-cbt82h.jpg,catalogo,image,0.6,197,no hace falta: el vivo no se recomprime desde aquí (al ejecutar se mide su SSIM antes de borrar),false,
_originales/catalogo/marcas/317bed46-2fb9-4239-886f-d1681a80caac-s2-cbt82h.jpg,catalogo,image,0.6,199,no hace falta: el vivo no se recomprime desde aquí (al ejecutar se mide su SSIM antes de borrar),false,
_originales/catalogo/marcas/33a3900d-aacd-435e-bf5f-4f809151225f-s2-2nyj5b.jpg,catalogo,image,1.2,185,no hace falta: el vivo no se recomprime desde aquí (al ejecutar se mide su SSIM antes de borrar),false,
_originales/catalogo/marcas/35d9ecad-941d-4f56-aa2b-ac78b0c06663-48ohmd.jpg,catalogo,image,1.4,220,no hace falta: el vivo no se recomprime desde aquí (al ejecutar se mide su SSIM antes de borrar),false,
_originales/catalogo/marcas/35d9ecad-941d-4f56-aa2b-ac78b0c06663-s2-48ohmd.jpg,catalogo,image,1.4,222,no hace falta: el vivo no se recomprime desde aquí (al ejecutar se mide su SSIM antes de borrar),false,
_originales/catalogo/marcas/37908dba-a2ef-4059-a2a6-d4e756d47049-gwlmkn.jpg,catalogo,image,2.8,431,fuente de A3/A4: borrar DESPUÉS de recomprimir y verificar,true,
_originales/catalogo/marcas/37908dba-a2ef-4059-a2a6-d4e756d47049-s2-gwlmkn.jpg,catalogo,image,2.8,430,fuente de A3/A4: borrar DESPUÉS de recomprimir y verificar,true,
_originales/catalogo/marcas/37c9b648-98be-4221-9a3a-79f54800994e-gwlmkn.jpg,catalogo,image,2.4,380,fuente de A3/A4: borrar DESPUÉS de recomprimir y verificar,true,
_originales/catalogo/marcas/37c9b648-98be-4221-9a3a-79f54800994e-s2-gwlmkn.jpg,catalogo,image,2.4,379,fuente de A3/A4: borrar DESPUÉS de recomprimir y verificar,true,
_originales/catalogo/marcas/389a6c35-de53-4759-8b92-d826d7a8f56f-5mvod3.jpg,catalogo,image,1.3,249,no hace falta: el vivo no se recomprime desde aquí (al ejecutar se mide su SSIM antes de borrar),false,
_originales/catalogo/marcas/389a6c35-de53-4759-8b92-d826d7a8f56f-s2-5mvod3.jpg,catalogo,image,1.4,252,fuente de A3/A4: borrar DESPUÉS de recomprimir y verificar,true,
_originales/catalogo/marcas/392a3784-cb82-46d8-9111-52a5b0771c99-178-s2-2esm97.jpg,catalogo,image,1.8,319,fuente de A3/A4: borrar DESPUÉS de recomprimir y verificar,true,
_originales/catalogo/marcas/392a3784-cb82-46d8-9111-52a5b0771c99-178-s2-61ynvi.jpg,catalogo,image,1.4,248,no hace falta: el vivo no se recomprime desde aquí (al ejecutar se mide su SSIM antes de borrar),false,
_originales/catalogo/marcas/392a3784-cb82-46d8-9111-52a5b0771c99-178-s2-hkce3q.jpg,catalogo,image,1.2,194,no hace falta: el vivo no se recomprime desde aquí (al ejecutar se mide su SSIM antes de borrar),false,
_originales/catalogo/marcas/392a3784-cb82-46d8-9111-52a5b0771c99-178-s2-lupxzn.jpg,catalogo,image,1,234,no hace falta: el vivo no se recomprime desde aquí (al ejecutar se mide su SSIM antes de borrar),false,
_originales/catalogo/marcas/39544f67-3a2a-43fd-a8fa-e1038dbabda9-178-s2-2ep0rs.jpg,catalogo,image,1.2,185,no hace falta: el vivo no se recomprime desde aquí (al ejecutar se mide su SSIM antes de borrar),false,
_originales/catalogo/marcas/39544f67-3a2a-43fd-a8fa-e1038dbabda9-178-s2-57wvjk.jpg,catalogo,image,0.9,158,no hace falta: el vivo no se recomprime desde aquí (al ejecutar se mide su SSIM antes de borrar),false,
_originales/catalogo/marcas/39544f67-3a2a-43fd-a8fa-e1038dbabda9-178-s2-9c0cp0.jpg,catalogo,image,1.3,192,no hace falta: el vivo no se recomprime desde aquí (al ejecutar se mide su SSIM antes de borrar),false,
_originales/catalogo/marcas/39544f67-3a2a-43fd-a8fa-e1038dbabda9-178-s2-9dix8g.jpg,catalogo,image,1.3,192,no hace falta: el vivo no se recomprime desde aquí (al ejecutar se mide su SSIM antes de borrar),false,
_originales/catalogo/marcas/39544f67-3a2a-43fd-a8fa-e1038dbabda9-178-s2-a0j6s8.jpg,catalogo,image,1.3,231,no hace falta: el vivo no se recomprime desde aquí (al ejecutar se mide su SSIM antes de borrar),false,
_originales/catalogo/marcas/39544f67-3a2a-43fd-a8fa-e1038dbabda9-178-s2-bmhwt0.jpg,catalogo,image,1.2,185,no hace falta: el vivo no se recomprime desde aquí (al ejecutar se mide su SSIM antes de borrar),false,
_originales/catalogo/marcas/39544f67-3a2a-43fd-a8fa-e1038dbabda9-178-s2-niwo2s.jpg,catalogo,image,1.3,231,no hace falta: el vivo no se recomprime desde aquí (al ejecutar se mide su SSIM antes de borrar),false,
_originales/catalogo/marcas/39544f67-3a2a-43fd-a8fa-e1038dbabda9-178-s2-zg8mtr.jpg,catalogo,image,0.9,159,no hace falta: el vivo no se recomprime desde aquí (al ejecutar se mide su SSIM antes de borrar),false,
_originales/catalogo/marcas/3b1f7ea0-e939-4322-9460-9e430ff473d6-s2-2nplbx.jpg,catalogo,image,1.2,185,no hace falta: el vivo no se recomprime desde aquí (al ejecutar se mide su SSIM antes de borrar),false,
_originales/catalogo/marcas/3d285b81-40c8-4514-97ef-ab23671009be-s2-w7r0rm.jpg,catalogo,image,1.1,188,no hace falta: el vivo no se recomprime desde aquí (al ejecutar se mide su SSIM antes de borrar),false,
_originales/catalogo/marcas/3d285b81-40c8-4514-97ef-ab23671009be-w7r0rm.jpg,catalogo,image,1.1,188,no hace falta: el vivo no se recomprime desde aquí (al ejecutar se mide su SSIM antes de borrar),false,
_originales/catalogo/marcas/3fb9d1f2-6924-473e-9ba2-a1ffc6d95cc8-3m65nw.jpg,catalogo,image,1.1,182,no hace falta: el vivo no se recomprime desde aquí (al ejecutar se mide su SSIM antes de borrar),false,
_originales/catalogo/marcas/3fb9d1f2-6924-473e-9ba2-a1ffc6d95cc8-s2-3m65nw.jpg,catalogo,image,1.1,182,no hace falta: el vivo no se recomprime desde aquí (al ejecutar se mide su SSIM antes de borrar),false,
_originales/catalogo/marcas/425cc6aa-ccfe-449e-83fc-e3367663745c-kkav9v.jpg,catalogo,image,1.3,233,no hace falta: el vivo no se recomprime desde aquí (al ejecutar se mide su SSIM antes de borrar),false,
_originales/catalogo/marcas/425cc6aa-ccfe-449e-83fc-e3367663745c-s2-kkav9v.jpg,catalogo,image,1.4,234,no hace falta: el vivo no se recomprime desde aquí (al ejecutar se mide su SSIM antes de borrar),false,
_originales/catalogo/marcas/4456066a-d554-4ae2-b855-659148f4b8a3-2g5i5r.jpg,catalogo,image,1.1,169,no hace falta: el vivo no se recomprime desde aquí (al ejecutar se mide su SSIM antes de borrar),false,
_originales/catalogo/marcas/4456066a-d554-4ae2-b855-659148f4b8a3-s2-2g5i5r.jpg,catalogo,image,1.1,170,no hace falta: el vivo no se recomprime desde aquí (al ejecutar se mide su SSIM antes de borrar),false,
_originales/catalogo/marcas/445cfd05-ede5-4cae-96bf-8ea63d67cc29-60lryy.jpg,catalogo,image,1.3,236,no hace falta: el vivo no se recomprime desde aquí (al ejecutar se mide su SSIM antes de borrar),false,
_originales/catalogo/marcas/445cfd05-ede5-4cae-96bf-8ea63d67cc29-s2-60lryy.jpg,catalogo,image,1.3,238,no hace falta: el vivo no se recomprime desde aquí (al ejecutar se mide su SSIM antes de borrar),false,
_originales/catalogo/marcas/4478a36c-b1c2-4ec7-ac16-df24c55c8ddf-jet8bv.jpg,catalogo,image,1.1,187,no hace falta: el vivo no se recomprime desde aquí (al ejecutar se mide su SSIM antes de borrar),false,
_originales/catalogo/marcas/4478a36c-b1c2-4ec7-ac16-df24c55c8ddf-s2-jet8bv.jpg,catalogo,image,1.1,187,no hace falta: el vivo no se recomprime desde aquí (al ejecutar se mide su SSIM antes de borrar),false,
_originales/catalogo/marcas/44876b27-ca75-4012-9f18-e032658165a1-buvx1w.jpg,catalogo,image,2.4,381,fuente de A3/A4: borrar DESPUÉS de recomprimir y verificar,true,
_originales/catalogo/marcas/44876b27-ca75-4012-9f18-e032658165a1-s2-buvx1w.jpg,catalogo,image,2.4,379,fuente de A3/A4: borrar DESPUÉS de recomprimir y verificar,true,
_originales/catalogo/marcas/44edd702-e372-4bb4-91c2-05bf73d6205b-178-s2-8lxdcg.jpg,catalogo,image,0.9,155,no hace falta: el vivo no se recomprime desde aquí (al ejecutar se mide su SSIM antes de borrar),false,
_originales/catalogo/marcas/44edd702-e372-4bb4-91c2-05bf73d6205b-178-s2-985p79.jpg,catalogo,image,1.1,178,no hace falta: el vivo no se recomprime desde aquí (al ejecutar se mide su SSIM antes de borrar),false,
_originales/catalogo/marcas/44edd702-e372-4bb4-91c2-05bf73d6205b-178-s2-hwjhnp.jpg,catalogo,image,1.2,182,no hace falta: el vivo no se recomprime desde aquí (al ejecutar se mide su SSIM antes de borrar),false,
_originales/catalogo/marcas/44edd702-e372-4bb4-91c2-05bf73d6205b-178-s2-uyommx.jpg,catalogo,image,1.3,231,no hace falta: el vivo no se recomprime desde aquí (al ejecutar se mide su SSIM antes de borrar),false,
_originales/catalogo/marcas/47a3070d-b673-4847-87a7-9bce19fc4fab-s2-x3vq20.jpg,catalogo,image,1.1,192,no hace falta: el vivo no se recomprime desde aquí (al ejecutar se mide su SSIM antes de borrar),false,
_originales/catalogo/marcas/47a3070d-b673-4847-87a7-9bce19fc4fab-x3vq20.jpg,catalogo,image,1.1,192,no hace falta: el vivo no se recomprime desde aquí (al ejecutar se mide su SSIM antes de borrar),false,
_originales/catalogo/marcas/4b3aee91-110a-404e-865b-05c21dd0dedb-s2-w7r0rm.jpg,catalogo,image,1.4,256,fuente de A3/A4: borrar DESPUÉS de recomprimir y verificar,true,
_originales/catalogo/marcas/4b3aee91-110a-404e-865b-05c21dd0dedb-w7r0rm.jpg,catalogo,image,1.4,256,fuente de A3/A4: borrar DESPUÉS de recomprimir y verificar,true,
_originales/catalogo/marcas/4b6d8aec-3c20-42a7-82f0-d18bdd79a933-mt1gnb.jpg,catalogo,image,1.1,178,no hace falta: el vivo no se recomprime desde aquí (al ejecutar se mide su SSIM antes de borrar),false,
_originales/catalogo/marcas/4b6d8aec-3c20-42a7-82f0-d18bdd79a933-s2-mt1gnb.jpg,catalogo,image,1.1,178,no hace falta: el vivo no se recomprime desde aquí (al ejecutar se mide su SSIM antes de borrar),false,
_originales/catalogo/marcas/4ba88df1-b43c-4002-9131-67e2c456e638-oncdtl.jpg,catalogo,image,1.2,190,no hace falta: el vivo no se recomprime desde aquí (al ejecutar se mide su SSIM antes de borrar),false,
_originales/catalogo/marcas/4ba88df1-b43c-4002-9131-67e2c456e638-s2-oncdtl.jpg,catalogo,image,1.2,190,no hace falta: el vivo no se recomprime desde aquí (al ejecutar se mide su SSIM antes de borrar),false,
_originales/catalogo/marcas/5564662c-0805-4100-bcf5-f5b2baa854f3-f1gvm0.jpg,catalogo,image,1.1,186,no hace falta: el vivo no se recomprime desde aquí (al ejecutar se mide su SSIM antes de borrar),false,
_originales/catalogo/marcas/5564662c-0805-4100-bcf5-f5b2baa854f3-s2-f1gvm0.jpg,catalogo,image,1.1,186,no hace falta: el vivo no se recomprime desde aquí (al ejecutar se mide su SSIM antes de borrar),false,
_originales/catalogo/marcas/56c58623-5267-4b3d-a430-82f84c0a411a-ie8zat.jpg,catalogo,image,0.7,192,no hace falta: el vivo no se recomprime desde aquí (al ejecutar se mide su SSIM antes de borrar),false,
_originales/catalogo/marcas/56c58623-5267-4b3d-a430-82f84c0a411a-s2-ie8zat.jpg,catalogo,image,0.7,192,no hace falta: el vivo no se recomprime desde aquí (al ejecutar se mide su SSIM antes de borrar),false,
_originales/catalogo/marcas/58eca4de-74c0-466e-84f5-8867448be959-b6jmzf.jpg,catalogo,image,1.4,220,no hace falta: el vivo no se recomprime desde aquí (al ejecutar se mide su SSIM antes de borrar),false,
_originales/catalogo/marcas/58eca4de-74c0-466e-84f5-8867448be959-s2-b6jmzf.jpg,catalogo,image,1.4,222,no hace falta: el vivo no se recomprime desde aquí (al ejecutar se mide su SSIM antes de borrar),false,
_originales/catalogo/marcas/5a441d5a-c4ef-4946-867b-8cce1932ebe7-s2-gdnfek.jpg,catalogo,image,1.1,170,no hace falta: el vivo no se recomprime desde aquí (al ejecutar se mide su SSIM antes de borrar),false,
_originales/catalogo/marcas/5b7d66c5-b505-4644-9000-cf45bfab4e86-8lwa7p.jpg,catalogo,image,1.3,226,no hace falta: el vivo no se recomprime desde aquí (al ejecutar se mide su SSIM antes de borrar),false,
_originales/catalogo/marcas/5b7d66c5-b505-4644-9000-cf45bfab4e86-s2-8lwa7p.jpg,catalogo,image,1.3,227,no hace falta: el vivo no se recomprime desde aquí (al ejecutar se mide su SSIM antes de borrar),false,
_originales/catalogo/marcas/5c71c0e9-ca0d-4ec9-9e31-215cb57272fa-olslmq.jpg,catalogo,image,0.8,151,no hace falta: el vivo no se recomprime desde aquí (al ejecutar se mide su SSIM antes de borrar),false,
_originales/catalogo/marcas/5c71c0e9-ca0d-4ec9-9e31-215cb57272fa-s2-olslmq.jpg,catalogo,image,0.8,151,no hace falta: el vivo no se recomprime desde aquí (al ejecutar se mide su SSIM antes de borrar),false,
_originales/catalogo/marcas/5d3576fa-778f-416a-ae83-f4a422f5dcd8-7rzras.jpg,catalogo,image,1.2,170,no hace falta: el vivo no se recomprime desde aquí (al ejecutar se mide su SSIM antes de borrar),false,
_originales/catalogo/marcas/5d3576fa-778f-416a-ae83-f4a422f5dcd8-s2-7rzras.jpg,catalogo,image,1.2,170,no hace falta: el vivo no se recomprime desde aquí (al ejecutar se mide su SSIM antes de borrar),false,
_originales/catalogo/marcas/5feb464a-efa3-4502-8dc8-2b29f3f2fe4b-178-s2-ali42j.jpg,catalogo,image,0.9,158,no hace falta: el vivo no se recomprime desde aquí (al ejecutar se mide su SSIM antes de borrar),false,
_originales/catalogo/marcas/5feb464a-efa3-4502-8dc8-2b29f3f2fe4b-178-s2-i3dwrt.jpg,catalogo,image,0.6,116,no hace falta: el vivo no se recomprime desde aquí (al ejecutar se mide su SSIM antes de borrar),false,
_originales/catalogo/marcas/5feb464a-efa3-4502-8dc8-2b29f3f2fe4b-178-s2-uo8v66.jpg,catalogo,image,0.8,153,no hace falta: el vivo no se recomprime desde aquí (al ejecutar se mide su SSIM antes de borrar),false,
_originales/catalogo/marcas/601d9c3a-eebb-458c-b063-86e1ac604289-d4qbza.jpg,catalogo,image,2.8,431,fuente de A3/A4: borrar DESPUÉS de recomprimir y verificar,true,
_originales/catalogo/marcas/601d9c3a-eebb-458c-b063-86e1ac604289-s2-d4qbza.jpg,catalogo,image,2.8,429,fuente de A3/A4: borrar DESPUÉS de recomprimir y verificar,true,
_originales/catalogo/marcas/6521ca82-051c-4b01-9cd9-62994f9cafcf-s2-wlujtl.jpg,catalogo,image,1.1,187,no hace falta: el vivo no se recomprime desde aquí (al ejecutar se mide su SSIM antes de borrar),false,
_originales/catalogo/marcas/6521ca82-051c-4b01-9cd9-62994f9cafcf-wlujtl.jpg,catalogo,image,1.1,187,no hace falta: el vivo no se recomprime desde aquí (al ejecutar se mide su SSIM antes de borrar),false,
_originales/catalogo/marcas/655ae4fb-a5b4-46a5-a974-d969373cd8af-qtcg1n.jpg,catalogo,image,1.1,178,no hace falta: el vivo no se recomprime desde aquí (al ejecutar se mide su SSIM antes de borrar),false,
_originales/catalogo/marcas/655ae4fb-a5b4-46a5-a974-d969373cd8af-s2-qtcg1n.jpg,catalogo,image,1.1,178,no hace falta: el vivo no se recomprime desde aquí (al ejecutar se mide su SSIM antes de borrar),false,
_originales/catalogo/marcas/67ddb081-3150-4ecf-a549-c0608cabb58c-9hslz2.jpg,catalogo,image,1.7,289,fuente de A3/A4: borrar DESPUÉS de recomprimir y verificar,true,
_originales/catalogo/marcas/67ddb081-3150-4ecf-a549-c0608cabb58c-s2-9hslz2.jpg,catalogo,image,1.7,289,fuente de A3/A4: borrar DESPUÉS de recomprimir y verificar,true,
_originales/catalogo/marcas/6d7820c9-b48f-41e5-af93-302affc09e08-meyhs.jpg,catalogo,image,1.1,181,no hace falta: el vivo no se recomprime desde aquí (al ejecutar se mide su SSIM antes de borrar),false,
_originales/catalogo/marcas/6d7820c9-b48f-41e5-af93-302affc09e08-s2-meyhs.jpg,catalogo,image,1.1,181,no hace falta: el vivo no se recomprime desde aquí (al ejecutar se mide su SSIM antes de borrar),false,
_originales/catalogo/marcas/6eb41c3d-c260-4422-99fb-42045f1d3a26-s2-y2e9s3.jpg,catalogo,image,1.3,193,no hace falta: el vivo no se recomprime desde aquí (al ejecutar se mide su SSIM antes de borrar),false,
_originales/catalogo/marcas/6f1b2445-fd16-4eca-a8ad-ca5d07550afd-pqugk1.jpg,catalogo,image,1,255,fuente de A3/A4: borrar DESPUÉS de recomprimir y verificar,true,
_originales/catalogo/marcas/6f1b2445-fd16-4eca-a8ad-ca5d07550afd-s2-pqugk1.jpg,catalogo,image,1,255,fuente de A3/A4: borrar DESPUÉS de recomprimir y verificar,true,
_originales/catalogo/marcas/6fa2be27-e7e1-4758-80be-bab09d788ea2-c1yep8.jpg,catalogo,image,1.1,187,no hace falta: el vivo no se recomprime desde aquí (al ejecutar se mide su SSIM antes de borrar),false,
_originales/catalogo/marcas/6fa2be27-e7e1-4758-80be-bab09d788ea2-s2-c1yep8.jpg,catalogo,image,1.1,190,no hace falta: el vivo no se recomprime desde aquí (al ejecutar se mide su SSIM antes de borrar),false,
_originales/catalogo/marcas/73d6bb7d-1542-41db-8a1f-0661dd44c1dc-c1y815.jpg,catalogo,image,1.2,192,no hace falta: el vivo no se recomprime desde aquí (al ejecutar se mide su SSIM antes de borrar),false,
_originales/catalogo/marcas/73d6bb7d-1542-41db-8a1f-0661dd44c1dc-s2-c1y815.jpg,catalogo,image,1.2,193,no hace falta: el vivo no se recomprime desde aquí (al ejecutar se mide su SSIM antes de borrar),false,
_originales/catalogo/marcas/747c1864-b7af-4401-b664-3e4b527bbf3c-3ctxye.jpg,catalogo,image,1.1,188,no hace falta: el vivo no se recomprime desde aquí (al ejecutar se mide su SSIM antes de borrar),false,
_originales/catalogo/marcas/747c1864-b7af-4401-b664-3e4b527bbf3c-s2-3ctxye.jpg,catalogo,image,1.1,188,no hace falta: el vivo no se recomprime desde aquí (al ejecutar se mide su SSIM antes de borrar),false,
_originales/catalogo/marcas/748502a3-c8eb-4246-9191-8a1fdaf7de74-efdw0o.jpg,catalogo,image,1.3,248,no hace falta: el vivo no se recomprime desde aquí (al ejecutar se mide su SSIM antes de borrar),false,
_originales/catalogo/marcas/748502a3-c8eb-4246-9191-8a1fdaf7de74-s2-efdw0o.jpg,catalogo,image,1.4,250,no hace falta: el vivo no se recomprime desde aquí (al ejecutar se mide su SSIM antes de borrar),false,
_originales/catalogo/marcas/74b339a0-4a9c-4dce-89a1-3e0273231c5f-cdj060.jpg,catalogo,image,1.3,199,no hace falta: el vivo no se recomprime desde aquí (al ejecutar se mide su SSIM antes de borrar),false,
_originales/catalogo/marcas/74b339a0-4a9c-4dce-89a1-3e0273231c5f-s2-cdj060.jpg,catalogo,image,1.3,202,no hace falta: el vivo no se recomprime desde aquí (al ejecutar se mide su SSIM antes de borrar),false,
_originales/catalogo/marcas/755ad34d-e1af-47d0-acb0-c68be8656c09-mit42k.jpg,catalogo,image,1.3,240,no hace falta: el vivo no se recomprime desde aquí (al ejecutar se mide su SSIM antes de borrar),false,
_originales/catalogo/marcas/755ad34d-e1af-47d0-acb0-c68be8656c09-s2-mit42k.jpg,catalogo,image,1.3,243,no hace falta: el vivo no se recomprime desde aquí (al ejecutar se mide su SSIM antes de borrar),false,
_originales/catalogo/marcas/79b7157f-890b-4ad8-9829-fcce96d5e6fa-4pe4rz.jpg,catalogo,image,1.1,182,no hace falta: el vivo no se recomprime desde aquí (al ejecutar se mide su SSIM antes de borrar),false,
_originales/catalogo/marcas/79b7157f-890b-4ad8-9829-fcce96d5e6fa-s2-4pe4rz.jpg,catalogo,image,1.1,182,no hace falta: el vivo no se recomprime desde aquí (al ejecutar se mide su SSIM antes de borrar),false,
_originales/catalogo/marcas/7b39b0d2-5335-40a7-a554-d18202fc348b-epyxly.jpg,catalogo,image,0.8,195,no hace falta: el vivo no se recomprime desde aquí (al ejecutar se mide su SSIM antes de borrar),false,
_originales/catalogo/marcas/7b39b0d2-5335-40a7-a554-d18202fc348b-s2-epyxly.jpg,catalogo,image,0.8,195,no hace falta: el vivo no se recomprime desde aquí (al ejecutar se mide su SSIM antes de borrar),false,
_originales/catalogo/marcas/7d8f2b8e-bb20-4c34-8c2b-2046016c752b-g4ymx9.jpg,catalogo,image,1.2,179,no hace falta: el vivo no se recomprime desde aquí (al ejecutar se mide su SSIM antes de borrar),false,
_originales/catalogo/marcas/7d8f2b8e-bb20-4c34-8c2b-2046016c752b-s2-g4ymx9.jpg,catalogo,image,1.2,180,no hace falta: el vivo no se recomprime desde aquí (al ejecutar se mide su SSIM antes de borrar),false,
_originales/catalogo/marcas/7f1f3bff-3948-4fce-8e67-07f23d25148a-9bv1l2.jpg,catalogo,image,1.4,225,no hace falta: el vivo no se recomprime desde aquí (al ejecutar se mide su SSIM antes de borrar),false,
_originales/catalogo/marcas/7f1f3bff-3948-4fce-8e67-07f23d25148a-s2-9bv1l2.jpg,catalogo,image,1.4,225,no hace falta: el vivo no se recomprime desde aquí (al ejecutar se mide su SSIM antes de borrar),false,
_originales/catalogo/marcas/82808fe1-f3c0-445e-b146-ed0400031378-dx73bb.jpg,catalogo,image,2.4,362,fuente de A3/A4: borrar DESPUÉS de recomprimir y verificar,true,
_originales/catalogo/marcas/82808fe1-f3c0-445e-b146-ed0400031378-s2-dx73bb.jpg,catalogo,image,2.4,360,fuente de A3/A4: borrar DESPUÉS de recomprimir y verificar,true,
_originales/catalogo/marcas/829b9c4f-7de7-4f09-a1e6-a4d9c11e6608-pi34lw.jpg,catalogo,image,1.4,251,fuente de A3/A4: borrar DESPUÉS de recomprimir y verificar,true,
_originales/catalogo/marcas/829b9c4f-7de7-4f09-a1e6-a4d9c11e6608-s2-pi34lw.jpg,catalogo,image,1.4,251,fuente de A3/A4: borrar DESPUÉS de recomprimir y verificar,true,
_originales/catalogo/marcas/8396c06a-bff0-4efc-9354-7a39a215384d-9y5df6.jpg,catalogo,image,1.4,215,no hace falta: el vivo no se recomprime desde aquí (al ejecutar se mide su SSIM antes de borrar),false,
_originales/catalogo/marcas/8396c06a-bff0-4efc-9354-7a39a215384d-s2-9y5df6.jpg,catalogo,image,1.4,217,no hace falta: el vivo no se recomprime desde aquí (al ejecutar se mide su SSIM antes de borrar),false,
_originales/catalogo/marcas/83f386e4-4c16-47e8-910d-a368a2a5ba5a-hzfdm5.jpg,catalogo,image,1.2,195,no hace falta: el vivo no se recomprime desde aquí (al ejecutar se mide su SSIM antes de borrar),false,
_originales/catalogo/marcas/83f386e4-4c16-47e8-910d-a368a2a5ba5a-s2-hzfdm5.jpg,catalogo,image,1.2,195,no hace falta: el vivo no se recomprime desde aquí (al ejecutar se mide su SSIM antes de borrar),false,
_originales/catalogo/marcas/8528f112-c2ee-4e7b-8d9a-c1e66494eda2-nt24sj.jpg,catalogo,image,1.4,249,no hace falta: el vivo no se recomprime desde aquí (al ejecutar se mide su SSIM antes de borrar),false,
_originales/catalogo/marcas/8528f112-c2ee-4e7b-8d9a-c1e66494eda2-s2-nt24sj.jpg,catalogo,image,1.4,253,fuente de A3/A4: borrar DESPUÉS de recomprimir y verificar,true,
_originales/catalogo/marcas/88850236-ae9b-437e-bddd-eb132d503b00-178-s2-43hmms.jpg,catalogo,image,1.7,236,no hace falta: el vivo no se recomprime desde aquí (al ejecutar se mide su SSIM antes de borrar),false,
_originales/catalogo/marcas/88850236-ae9b-437e-bddd-eb132d503b00-178-s2-54s7w6.jpg,catalogo,image,1.5,206,no hace falta: el vivo no se recomprime desde aquí (al ejecutar se mide su SSIM antes de borrar),false,
_originales/catalogo/marcas/88850236-ae9b-437e-bddd-eb132d503b00-178-s2-ri0iwn.jpg,catalogo,image,1.7,237,no hace falta: el vivo no se recomprime desde aquí (al ejecutar se mide su SSIM antes de borrar),false,
_originales/catalogo/marcas/89ea584d-ae39-4199-9902-7a79e02cbcdb-178-s2-1h86p7.jpg,catalogo,image,0.9,153,no hace falta: el vivo no se recomprime desde aquí (al ejecutar se mide su SSIM antes de borrar),false,
_originales/catalogo/marcas/89ea584d-ae39-4199-9902-7a79e02cbcdb-178-s2-lg5jur.jpg,catalogo,image,0.9,141,no hace falta: el vivo no se recomprime desde aquí (al ejecutar se mide su SSIM antes de borrar),false,
_originales/catalogo/marcas/89ea584d-ae39-4199-9902-7a79e02cbcdb-178-s2-mcyssx.jpg,catalogo,image,0.6,110,no hace falta: el vivo no se recomprime desde aquí (al ejecutar se mide su SSIM antes de borrar),false,
_originales/catalogo/marcas/89ea584d-ae39-4199-9902-7a79e02cbcdb-178-s2-txmy9g.jpg,catalogo,image,0.8,150,no hace falta: el vivo no se recomprime desde aquí (al ejecutar se mide su SSIM antes de borrar),false,
_originales/catalogo/marcas/8aec25f0-ddf5-4c9c-80b6-47e4d96071e5-e1464s.jpg,catalogo,image,1.1,178,no hace falta: el vivo no se recomprime desde aquí (al ejecutar se mide su SSIM antes de borrar),false,
_originales/catalogo/marcas/8aec25f0-ddf5-4c9c-80b6-47e4d96071e5-s2-e1464s.jpg,catalogo,image,1.1,178,no hace falta: el vivo no se recomprime desde aquí (al ejecutar se mide su SSIM antes de borrar),false,
_originales/catalogo/marcas/8c2d0218-c22f-41f7-b5dd-2b9fd3deab29-brj9qb.jpg,catalogo,image,1.4,256,fuente de A3/A4: borrar DESPUÉS de recomprimir y verificar,true,
_originales/catalogo/marcas/8c2d0218-c22f-41f7-b5dd-2b9fd3deab29-s2-brj9qb.jpg,catalogo,image,1.4,256,fuente de A3/A4: borrar DESPUÉS de recomprimir y verificar,true,
_originales/catalogo/marcas/8cce7da0-6219-476b-bcd9-7dd08cb8b34e-cznlb0.jpg,catalogo,image,1.3,204,no hace falta: el vivo no se recomprime desde aquí (al ejecutar se mide su SSIM antes de borrar),false,
_originales/catalogo/marcas/8cce7da0-6219-476b-bcd9-7dd08cb8b34e-s2-cznlb0.jpg,catalogo,image,1.4,205,no hace falta: el vivo no se recomprime desde aquí (al ejecutar se mide su SSIM antes de borrar),false,
_originales/catalogo/marcas/8d7448ac-d53a-4410-b0aa-5e41b4c01318-9tqjz7.jpg,catalogo,image,1.4,213,no hace falta: el vivo no se recomprime desde aquí (al ejecutar se mide su SSIM antes de borrar),false,
_originales/catalogo/marcas/8d7448ac-d53a-4410-b0aa-5e41b4c01318-s2-9tqjz7.jpg,catalogo,image,1.4,213,no hace falta: el vivo no se recomprime desde aquí (al ejecutar se mide su SSIM antes de borrar),false,
_originales/catalogo/marcas/8dcf18cb-67e9-4cec-bc7e-a529b2ab3e31-178-s2-46da99.jpg,catalogo,image,0.7,98,no hace falta: el vivo no se recomprime desde aquí (al ejecutar se mide su SSIM antes de borrar),false,
_originales/catalogo/marcas/937cbab8-2167-46c7-b271-aa36147f62ea-olslmq.jpg,catalogo,image,0.8,151,no hace falta: el vivo no se recomprime desde aquí (al ejecutar se mide su SSIM antes de borrar),false,
_originales/catalogo/marcas/937cbab8-2167-46c7-b271-aa36147f62ea-s2-olslmq.jpg,catalogo,image,0.8,151,no hace falta: el vivo no se recomprime desde aquí (al ejecutar se mide su SSIM antes de borrar),false,
_originales/catalogo/marcas/94a01d16-82d0-4b52-ad43-95ea67780190-dqjiwo.jpg,catalogo,image,1.3,244,no hace falta: el vivo no se recomprime desde aquí (al ejecutar se mide su SSIM antes de borrar),false,
_originales/catalogo/marcas/94a01d16-82d0-4b52-ad43-95ea67780190-s2-dqjiwo.jpg,catalogo,image,1.4,247,no hace falta: el vivo no se recomprime desde aquí (al ejecutar se mide su SSIM antes de borrar),false,
_originales/catalogo/marcas/97cf949b-e82d-4dd6-819b-0c73695a37a3-b6zm41.jpg,catalogo,image,1.1,180,no hace falta: el vivo no se recomprime desde aquí (al ejecutar se mide su SSIM antes de borrar),false,
_originales/catalogo/marcas/97cf949b-e82d-4dd6-819b-0c73695a37a3-s2-b6zm41.jpg,catalogo,image,1.1,181,no hace falta: el vivo no se recomprime desde aquí (al ejecutar se mide su SSIM antes de borrar),false,
_originales/catalogo/marcas/97e4e475-3065-47b9-b9ea-bf452e08b3ef-s2-wmtpzg.jpg,catalogo,image,1.1,182,no hace falta: el vivo no se recomprime desde aquí (al ejecutar se mide su SSIM antes de borrar),false,
_originales/catalogo/marcas/97e4e475-3065-47b9-b9ea-bf452e08b3ef-wmtpzg.jpg,catalogo,image,1.1,181,no hace falta: el vivo no se recomprime desde aquí (al ejecutar se mide su SSIM antes de borrar),false,
_originales/catalogo/marcas/9aeac93c-0941-471f-b0f9-a021a75d4777-178-s2-7x0y5e.jpg,catalogo,image,1.3,223,no hace falta: el vivo no se recomprime desde aquí (al ejecutar se mide su SSIM antes de borrar),false,
_originales/catalogo/marcas/9aeac93c-0941-471f-b0f9-a021a75d4777-178-s2-cbnfpi.jpg,catalogo,image,1.2,183,no hace falta: el vivo no se recomprime desde aquí (al ejecutar se mide su SSIM antes de borrar),false,
_originales/catalogo/marcas/9aeac93c-0941-471f-b0f9-a021a75d4777-178-s2-dzd7fe.jpg,catalogo,image,1.1,175,no hace falta: el vivo no se recomprime desde aquí (al ejecutar se mide su SSIM antes de borrar),false,
_originales/catalogo/marcas/9aeac93c-0941-471f-b0f9-a021a75d4777-178-s2-tlzg0b.jpg,catalogo,image,0.8,150,no hace falta: el vivo no se recomprime desde aquí (al ejecutar se mide su SSIM antes de borrar),false,
_originales/catalogo/marcas/a077a4ea-1a52-48e4-8baa-38944e4dc516-178-s2-3hwb7g.jpg,catalogo,image,0.4,104,no hace falta: el vivo no se recomprime desde aquí (al ejecutar se mide su SSIM antes de borrar),false,
_originales/catalogo/marcas/a077a4ea-1a52-48e4-8baa-38944e4dc516-178-s2-iskyev.jpg,catalogo,image,0.4,111,no hace falta: el vivo no se recomprime desde aquí (al ejecutar se mide su SSIM antes de borrar),false,
_originales/catalogo/marcas/a077a4ea-1a52-48e4-8baa-38944e4dc516-178-s2-rpj98t.jpg,catalogo,image,0.5,154,no hace falta: el vivo no se recomprime desde aquí (al ejecutar se mide su SSIM antes de borrar),false,
_originales/catalogo/marcas/a4d03690-04f0-4b55-9f94-660ac3391654-s2-w7r0rm.jpg,catalogo,image,1.1,194,no hace falta: el vivo no se recomprime desde aquí (al ejecutar se mide su SSIM antes de borrar),false,
_originales/catalogo/marcas/a4d03690-04f0-4b55-9f94-660ac3391654-w7r0rm.jpg,catalogo,image,1.1,194,no hace falta: el vivo no se recomprime desde aquí (al ejecutar se mide su SSIM antes de borrar),false,
_originales/catalogo/marcas/a512e9e6-70ff-44ea-82d2-554b56a40c73-s2-t257im.jpg,catalogo,image,1,164,no hace falta: el vivo no se recomprime desde aquí (al ejecutar se mide su SSIM antes de borrar),false,
_originales/catalogo/marcas/a512e9e6-70ff-44ea-82d2-554b56a40c73-t257im.jpg,catalogo,image,1,165,no hace falta: el vivo no se recomprime desde aquí (al ejecutar se mide su SSIM antes de borrar),false,
_originales/catalogo/marcas/a849855b-162b-4dbe-b7cb-6701f694783b-gwlmkn.jpg,catalogo,image,2.7,473,fuente de A3/A4: borrar DESPUÉS de recomprimir y verificar,true,
_originales/catalogo/marcas/a849855b-162b-4dbe-b7cb-6701f694783b-s2-gwlmkn.jpg,catalogo,image,2.7,472,fuente de A3/A4: borrar DESPUÉS de recomprimir y verificar,true,
_originales/catalogo/marcas/aae63c28-f356-4042-9570-e80ef84de27a-s2-sx7irh.jpg,catalogo,image,1.5,219,no hace falta: el vivo no se recomprime desde aquí (al ejecutar se mide su SSIM antes de borrar),false,
_originales/catalogo/marcas/aae63c28-f356-4042-9570-e80ef84de27a-sx7irh.jpg,catalogo,image,1.4,218,no hace falta: el vivo no se recomprime desde aquí (al ejecutar se mide su SSIM antes de borrar),false,
_originales/catalogo/marcas/ac8d9f90-7091-46bc-ae00-ee22583c9f0d-h94auu.jpg,catalogo,image,0.8,156,no hace falta: el vivo no se recomprime desde aquí (al ejecutar se mide su SSIM antes de borrar),false,
_originales/catalogo/marcas/ac8d9f90-7091-46bc-ae00-ee22583c9f0d-s2-h94auu.jpg,catalogo,image,0.9,156,no hace falta: el vivo no se recomprime desde aquí (al ejecutar se mide su SSIM antes de borrar),false,
_originales/catalogo/marcas/b1093589-1cd4-4ff3-bae5-b4ff220c3b2f-178-s2-1tqqej.jpg,catalogo,image,1,164,no hace falta: el vivo no se recomprime desde aquí (al ejecutar se mide su SSIM antes de borrar),false,
_originales/catalogo/marcas/b1093589-1cd4-4ff3-bae5-b4ff220c3b2f-178-s2-3g35mw.jpg,catalogo,image,1,163,no hace falta: el vivo no se recomprime desde aquí (al ejecutar se mide su SSIM antes de borrar),false,
_originales/catalogo/marcas/b1093589-1cd4-4ff3-bae5-b4ff220c3b2f-178-s2-m0g93l.jpg,catalogo,image,0.9,136,no hace falta: el vivo no se recomprime desde aquí (al ejecutar se mide su SSIM antes de borrar),false,
_originales/catalogo/marcas/b1093589-1cd4-4ff3-bae5-b4ff220c3b2f-178-s2-ryul84.jpg,catalogo,image,0.8,132,no hace falta: el vivo no se recomprime desde aquí (al ejecutar se mide su SSIM antes de borrar),false,
_originales/catalogo/marcas/b1093589-1cd4-4ff3-bae5-b4ff220c3b2f-178-s2-trlq7j.jpg,catalogo,image,0.7,114,no hace falta: el vivo no se recomprime desde aquí (al ejecutar se mide su SSIM antes de borrar),false,
_originales/catalogo/marcas/b1093589-1cd4-4ff3-bae5-b4ff220c3b2f-178-s2-ua5hys.jpg,catalogo,image,0.7,117,no hace falta: el vivo no se recomprime desde aquí (al ejecutar se mide su SSIM antes de borrar),false,
_originales/catalogo/marcas/b14a9b6c-6a18-473d-985c-10d9e7520d53-jioshv.jpg,catalogo,image,1.1,185,no hace falta: el vivo no se recomprime desde aquí (al ejecutar se mide su SSIM antes de borrar),false,
_originales/catalogo/marcas/b14a9b6c-6a18-473d-985c-10d9e7520d53-s2-jioshv.jpg,catalogo,image,1.1,185,no hace falta: el vivo no se recomprime desde aquí (al ejecutar se mide su SSIM antes de borrar),false,
_originales/catalogo/marcas/b1b267d9-c62d-4868-824b-06f6019daf0b-178-s2-2uqa2k.jpg,catalogo,image,0.7,127,no hace falta: el vivo no se recomprime desde aquí (al ejecutar se mide su SSIM antes de borrar),false,
_originales/catalogo/marcas/b1b267d9-c62d-4868-824b-06f6019daf0b-178-s2-5m1025.jpg,catalogo,image,1,173,no hace falta: el vivo no se recomprime desde aquí (al ejecutar se mide su SSIM antes de borrar),false,
_originales/catalogo/marcas/b1b267d9-c62d-4868-824b-06f6019daf0b-178-s2-i0a1x3.jpg,catalogo,image,0.9,147,no hace falta: el vivo no se recomprime desde aquí (al ejecutar se mide su SSIM antes de borrar),false,
_originales/catalogo/marcas/b1b267d9-c62d-4868-824b-06f6019daf0b-178-s2-wgdeb9.jpg,catalogo,image,1,150,no hace falta: el vivo no se recomprime desde aquí (al ejecutar se mide su SSIM antes de borrar),false,
_originales/catalogo/marcas/b27ff3ea-a5ad-4223-adb3-cf745ca2890a-cbt82h.jpg,catalogo,image,1.3,215,no hace falta: el vivo no se recomprime desde aquí (al ejecutar se mide su SSIM antes de borrar),false,
_originales/catalogo/marcas/b27ff3ea-a5ad-4223-adb3-cf745ca2890a-s2-cbt82h.jpg,catalogo,image,1.4,218,no hace falta: el vivo no se recomprime desde aquí (al ejecutar se mide su SSIM antes de borrar),false,
_originales/catalogo/marcas/b53d2610-6484-4136-83a4-756e52a51df5-s2-n8h63v.jpg,catalogo,image,1.3,231,no hace falta: el vivo no se recomprime desde aquí (al ejecutar se mide su SSIM antes de borrar),false,
_originales/catalogo/marcas/b9ca7d9d-4411-4990-9dc4-3604b9231919-5o2cc3.jpg,catalogo,image,1.1,237,no hace falta: el vivo no se recomprime desde aquí (al ejecutar se mide su SSIM antes de borrar),false,
_originales/catalogo/marcas/b9ca7d9d-4411-4990-9dc4-3604b9231919-s2-5o2cc3.jpg,catalogo,image,1.1,238,no hace falta: el vivo no se recomprime desde aquí (al ejecutar se mide su SSIM antes de borrar),false,
_originales/catalogo/marcas/ba631df6-4e89-4330-a7ec-3529cd1a9239-9mjakh.jpg,catalogo,image,1.1,195,no hace falta: el vivo no se recomprime desde aquí (al ejecutar se mide su SSIM antes de borrar),false,
_originales/catalogo/marcas/ba631df6-4e89-4330-a7ec-3529cd1a9239-s2-9mjakh.jpg,catalogo,image,1.1,195,no hace falta: el vivo no se recomprime desde aquí (al ejecutar se mide su SSIM antes de borrar),false,
_originales/catalogo/marcas/c5008156-4cf3-4bca-b34b-61597074c443-s2-gkkm6q.jpg,catalogo,image,0.9,166,no hace falta: el vivo no se recomprime desde aquí (al ejecutar se mide su SSIM antes de borrar),false,
_originales/catalogo/marcas/c9435b61-4c30-4639-a3ef-fb2c00a328dd-178-s2-2hsmzd.jpg,catalogo,image,1.1,177,no hace falta: el vivo no se recomprime desde aquí (al ejecutar se mide su SSIM antes de borrar),false,
_originales/catalogo/marcas/c9435b61-4c30-4639-a3ef-fb2c00a328dd-178-s2-4ajrys.jpg,catalogo,image,0.8,149,no hace falta: el vivo no se recomprime desde aquí (al ejecutar se mide su SSIM antes de borrar),false,
_originales/catalogo/marcas/c9435b61-4c30-4639-a3ef-fb2c00a328dd-178-s2-eq106k.jpg,catalogo,image,1.2,184,no hace falta: el vivo no se recomprime desde aquí (al ejecutar se mide su SSIM antes de borrar),false,
_originales/catalogo/marcas/c9435b61-4c30-4639-a3ef-fb2c00a328dd-178-s2-sx53vn.jpg,catalogo,image,1.3,225,no hace falta: el vivo no se recomprime desde aquí (al ejecutar se mide su SSIM antes de borrar),false,
_originales/catalogo/marcas/c9435b61-4c30-4639-a3ef-fb2c00a328dd-178-s2-u2lkvk.jpg,catalogo,image,1.3,231,no hace falta: el vivo no se recomprime desde aquí (al ejecutar se mide su SSIM antes de borrar),false,
_originales/catalogo/marcas/c9435b61-4c30-4639-a3ef-fb2c00a328dd-178-s2-vb03tl.jpg,catalogo,image,0.8,155,no hace falta: el vivo no se recomprime desde aquí (al ejecutar se mide su SSIM antes de borrar),false,
_originales/catalogo/marcas/ca18c247-fb32-489c-9ff2-7c1e330d99d1-s2-sjvrtp.jpg,catalogo,image,0.6,199,no hace falta: el vivo no se recomprime desde aquí (al ejecutar se mide su SSIM antes de borrar),false,
_originales/catalogo/marcas/ca18c247-fb32-489c-9ff2-7c1e330d99d1-sjvrtp.jpg,catalogo,image,0.6,197,no hace falta: el vivo no se recomprime desde aquí (al ejecutar se mide su SSIM antes de borrar),false,
_originales/catalogo/marcas/cb1f1cd2-e7f1-46b8-8143-7b791a2aebe5-s2-n888ah.jpg,catalogo,image,1.3,231,no hace falta: el vivo no se recomprime desde aquí (al ejecutar se mide su SSIM antes de borrar),false,
_originales/catalogo/marcas/cbd9d125-dcd6-4fb0-b043-a908ba12b9c3-gwlmkn.jpg,catalogo,image,2.4,372,fuente de A3/A4: borrar DESPUÉS de recomprimir y verificar,true,
_originales/catalogo/marcas/cbd9d125-dcd6-4fb0-b043-a908ba12b9c3-s2-gwlmkn.jpg,catalogo,image,2.4,371,fuente de A3/A4: borrar DESPUÉS de recomprimir y verificar,true,
_originales/catalogo/marcas/cdcc88d0-dfbb-41db-a0b4-ba8a7a3b4778-s2-2vv3ed.jpg,catalogo,image,1.7,236,no hace falta: el vivo no se recomprime desde aquí (al ejecutar se mide su SSIM antes de borrar),false,
_originales/catalogo/marcas/d0557db8-fe8f-49ac-8565-728b73178ea6-178-s2-bkd62i.jpg,catalogo,image,1.4,257,fuente de A3/A4: borrar DESPUÉS de recomprimir y verificar,true,
_originales/catalogo/marcas/d0557db8-fe8f-49ac-8565-728b73178ea6-178-s2-m6pcau.jpg,catalogo,image,1.4,196,no hace falta: el vivo no se recomprime desde aquí (al ejecutar se mide su SSIM antes de borrar),false,
_originales/catalogo/marcas/d0557db8-fe8f-49ac-8565-728b73178ea6-178-s2-nziddq.jpg,catalogo,image,1.1,184,no hace falta: el vivo no se recomprime desde aquí (al ejecutar se mide su SSIM antes de borrar),false,
_originales/catalogo/marcas/d0557db8-fe8f-49ac-8565-728b73178ea6-178-s2-xger19.jpg,catalogo,image,1.1,178,no hace falta: el vivo no se recomprime desde aquí (al ejecutar se mide su SSIM antes de borrar),false,
_originales/catalogo/marcas/d08d2df6-b923-4575-93d3-828ac921fec0-47htnd.jpg,catalogo,image,1.3,245,no hace falta: el vivo no se recomprime desde aquí (al ejecutar se mide su SSIM antes de borrar),false,
_originales/catalogo/marcas/d08d2df6-b923-4575-93d3-828ac921fec0-s2-47htnd.jpg,catalogo,image,1.4,248,no hace falta: el vivo no se recomprime desde aquí (al ejecutar se mide su SSIM antes de borrar),false,
_originales/catalogo/marcas/d27774a2-eff3-4a22-8f47-aa93c0eab751-178-s2-jhhlgw.jpg,catalogo,image,1.4,207,no hace falta: el vivo no se recomprime desde aquí (al ejecutar se mide su SSIM antes de borrar),false,
_originales/catalogo/marcas/d27774a2-eff3-4a22-8f47-aa93c0eab751-178-s2-mkpoxa.jpg,catalogo,image,1.4,251,fuente de A3/A4: borrar DESPUÉS de recomprimir y verificar,true,
_originales/catalogo/marcas/d27774a2-eff3-4a22-8f47-aa93c0eab751-178-s2-qk07h2.jpg,catalogo,image,1.1,176,no hace falta: el vivo no se recomprime desde aquí (al ejecutar se mide su SSIM antes de borrar),false,
_originales/catalogo/marcas/d27774a2-eff3-4a22-8f47-aa93c0eab751-178-s2-vr72d.jpg,catalogo,image,1.1,171,no hace falta: el vivo no se recomprime desde aquí (al ejecutar se mide su SSIM antes de borrar),false,
_originales/catalogo/marcas/d3148164-a776-4356-a92a-b2ed3d401878-ic66ou.jpg,catalogo,image,1.1,188,no hace falta: el vivo no se recomprime desde aquí (al ejecutar se mide su SSIM antes de borrar),false,
_originales/catalogo/marcas/d3148164-a776-4356-a92a-b2ed3d401878-s2-ic66ou.jpg,catalogo,image,1.2,191,no hace falta: el vivo no se recomprime desde aquí (al ejecutar se mide su SSIM antes de borrar),false,
_originales/catalogo/marcas/d3c55f18-1a83-478f-ac69-6d4d3b5f3651-s2-tjuu0q.jpg,catalogo,image,1.4,221,no hace falta: el vivo no se recomprime desde aquí (al ejecutar se mide su SSIM antes de borrar),false,
_originales/catalogo/marcas/d3c55f18-1a83-478f-ac69-6d4d3b5f3651-tjuu0q.jpg,catalogo,image,1.4,219,no hace falta: el vivo no se recomprime desde aquí (al ejecutar se mide su SSIM antes de borrar),false,
_originales/catalogo/marcas/d809dc3a-0c67-4147-8ff9-850cb743bf9e-gwlmkn.jpg,catalogo,image,2.4,361,fuente de A3/A4: borrar DESPUÉS de recomprimir y verificar,true,
_originales/catalogo/marcas/d809dc3a-0c67-4147-8ff9-850cb743bf9e-s2-gwlmkn.jpg,catalogo,image,2.4,360,fuente de A3/A4: borrar DESPUÉS de recomprimir y verificar,true,
_originales/catalogo/marcas/ddfccd55-f863-4ba9-80c7-8324f9e9900b-178-s2-60lryy.jpg,catalogo,image,0.6,209,no hace falta: el vivo no se recomprime desde aquí (al ejecutar se mide su SSIM antes de borrar),false,
_originales/catalogo/marcas/ddfccd55-f863-4ba9-80c7-8324f9e9900b-178-s2-cznlb0.jpg,catalogo,image,0.3,68,no hace falta: el vivo no se recomprime desde aquí (al ejecutar se mide su SSIM antes de borrar),false,
_originales/catalogo/marcas/de56d5fa-821b-4405-a29a-22e0d54190dd-pbnrlt.jpg,catalogo,image,1.2,191,no hace falta: el vivo no se recomprime desde aquí (al ejecutar se mide su SSIM antes de borrar),false,
_originales/catalogo/marcas/de56d5fa-821b-4405-a29a-22e0d54190dd-s2-pbnrlt.jpg,catalogo,image,1.2,191,no hace falta: el vivo no se recomprime desde aquí (al ejecutar se mide su SSIM antes de borrar),false,
_originales/catalogo/marcas/e046b100-296d-40a3-a549-12080be12bb9-4gdilf.jpg,catalogo,image,1.3,248,no hace falta: el vivo no se recomprime desde aquí (al ejecutar se mide su SSIM antes de borrar),false,
_originales/catalogo/marcas/e046b100-296d-40a3-a549-12080be12bb9-s2-4gdilf.jpg,catalogo,image,1.3,248,no hace falta: el vivo no se recomprime desde aquí (al ejecutar se mide su SSIM antes de borrar),false,
_originales/catalogo/marcas/e11b990b-ca19-4dd7-a46b-76e1927ce1dc-499ghc.jpg,catalogo,image,1.1,181,no hace falta: el vivo no se recomprime desde aquí (al ejecutar se mide su SSIM antes de borrar),false,
_originales/catalogo/marcas/e11b990b-ca19-4dd7-a46b-76e1927ce1dc-s2-499ghc.jpg,catalogo,image,1.1,182,no hace falta: el vivo no se recomprime desde aquí (al ejecutar se mide su SSIM antes de borrar),false,
_originales/catalogo/marcas/e9f9961a-6136-4559-a299-29c3e1e20aa9-178-s2-8r2jla.jpg,catalogo,image,1.1,171,no hace falta: el vivo no se recomprime desde aquí (al ejecutar se mide su SSIM antes de borrar),false,
_originales/catalogo/marcas/eaa77e30-9831-4f67-b62d-340f59cda0db-243mxm.jpg,catalogo,image,1.1,184,no hace falta: el vivo no se recomprime desde aquí (al ejecutar se mide su SSIM antes de borrar),false,
_originales/catalogo/marcas/eaa77e30-9831-4f67-b62d-340f59cda0db-s2-243mxm.jpg,catalogo,image,1.2,189,no hace falta: el vivo no se recomprime desde aquí (al ejecutar se mide su SSIM antes de borrar),false,
_originales/catalogo/marcas/ec35ebf7-899c-49d8-bd70-932c030d229a-s2-w7r0rm.jpg,catalogo,image,1.4,230,no hace falta: el vivo no se recomprime desde aquí (al ejecutar se mide su SSIM antes de borrar),false,
_originales/catalogo/marcas/ec35ebf7-899c-49d8-bd70-932c030d229a-w7r0rm.jpg,catalogo,image,1.4,230,no hace falta: el vivo no se recomprime desde aquí (al ejecutar se mide su SSIM antes de borrar),false,
_originales/catalogo/marcas/edd9d0ab-4300-434f-ac83-b2ecf086ffd2-178-s2-gu2p4y.jpg,catalogo,image,0.7,133,no hace falta: el vivo no se recomprime desde aquí (al ejecutar se mide su SSIM antes de borrar),false,
_originales/catalogo/marcas/edd9d0ab-4300-434f-ac83-b2ecf086ffd2-178-s2-n3s1r1.jpg,catalogo,image,0.9,166,no hace falta: el vivo no se recomprime desde aquí (al ejecutar se mide su SSIM antes de borrar),false,
_originales/catalogo/marcas/edd9d0ab-4300-434f-ac83-b2ecf086ffd2-178-s2-wsysje.jpg,catalogo,image,1,174,no hace falta: el vivo no se recomprime desde aquí (al ejecutar se mide su SSIM antes de borrar),false,
_originales/catalogo/marcas/edd9d0ab-4300-434f-ac83-b2ecf086ffd2-178-s2-yk4tl7.jpg,catalogo,image,1,234,no hace falta: el vivo no se recomprime desde aquí (al ejecutar se mide su SSIM antes de borrar),false,
_originales/catalogo/marcas/ee283d3a-4a32-4f30-a874-067b3d530bab-s2-u0itxw.jpg,catalogo,image,2.3,340,fuente de A3/A4: borrar DESPUÉS de recomprimir y verificar,true,
_originales/catalogo/marcas/ee283d3a-4a32-4f30-a874-067b3d530bab-u0itxw.jpg,catalogo,image,2.3,341,fuente de A3/A4: borrar DESPUÉS de recomprimir y verificar,true,
_originales/catalogo/marcas/ee79d71b-557a-4475-86f5-509927af777c-64ez0s.jpg,catalogo,image,1.1,186,no hace falta: el vivo no se recomprime desde aquí (al ejecutar se mide su SSIM antes de borrar),false,
_originales/catalogo/marcas/ee79d71b-557a-4475-86f5-509927af777c-s2-64ez0s.jpg,catalogo,image,1.1,186,no hace falta: el vivo no se recomprime desde aquí (al ejecutar se mide su SSIM antes de borrar),false,
_originales/catalogo/marcas/efa03f69-ada3-4941-b59f-e427adb5f5bd-s2-vqgqdt.jpg,catalogo,image,2.4,370,fuente de A3/A4: borrar DESPUÉS de recomprimir y verificar,true,
_originales/catalogo/marcas/efa03f69-ada3-4941-b59f-e427adb5f5bd-vqgqdt.jpg,catalogo,image,2.4,372,fuente de A3/A4: borrar DESPUÉS de recomprimir y verificar,true,
_originales/catalogo/marcas/f2b0498f-0228-4c56-9bd1-4a48eb0a104d-s2-cm165a.jpg,catalogo,image,0.9,158,no hace falta: el vivo no se recomprime desde aquí (al ejecutar se mide su SSIM antes de borrar),false,
_originales/catalogo/marcas/f2bd8092-c3ac-458f-801c-7d4013d55862-s2-xay92h.jpg,catalogo,image,2.7,390,fuente de A3/A4: borrar DESPUÉS de recomprimir y verificar,true,
_originales/catalogo/marcas/f2bd8092-c3ac-458f-801c-7d4013d55862-xay92h.jpg,catalogo,image,2.6,390,fuente de A3/A4: borrar DESPUÉS de recomprimir y verificar,true,
_originales/catalogo/marcas/f382d91d-6e7a-4e02-bc6b-7379256be00c-178-s2-126c1l.jpg,catalogo,image,1,222,no hace falta: el vivo no se recomprime desde aquí (al ejecutar se mide su SSIM antes de borrar),false,
_originales/catalogo/marcas/f382d91d-6e7a-4e02-bc6b-7379256be00c-178-s2-919rtn.jpg,catalogo,image,0.9,160,no hace falta: el vivo no se recomprime desde aquí (al ejecutar se mide su SSIM antes de borrar),false,
_originales/catalogo/marcas/f382d91d-6e7a-4e02-bc6b-7379256be00c-178-s2-w3x9d5.jpg,catalogo,image,0.6,120,no hace falta: el vivo no se recomprime desde aquí (al ejecutar se mide su SSIM antes de borrar),false,
_originales/catalogo/marcas/f382d91d-6e7a-4e02-bc6b-7379256be00c-178-s2-xzhd3m.jpg,catalogo,image,0.9,156,no hace falta: el vivo no se recomprime desde aquí (al ejecutar se mide su SSIM antes de borrar),false,
_originales/catalogo/marcas/f970beff-acf0-42e9-85b8-a21776894448-178-s2-gkkm6q.jpg,catalogo,image,0.9,166,no hace falta: el vivo no se recomprime desde aquí (al ejecutar se mide su SSIM antes de borrar),false,
_originales/catalogo/marcas/f970beff-acf0-42e9-85b8-a21776894448-178-s2-sg7ax1.jpg,catalogo,image,0.9,168,no hace falta: el vivo no se recomprime desde aquí (al ejecutar se mide su SSIM antes de borrar),false,
_originales/catalogo/marcas/f970beff-acf0-42e9-85b8-a21776894448-178-s2-u5rjqv.jpg,catalogo,image,0.7,129,no hace falta: el vivo no se recomprime desde aquí (al ejecutar se mide su SSIM antes de borrar),false,
_originales/catalogo/marcas/fa1e2b07-c985-4dee-b61b-bc1917589982-46sjvv.jpg,catalogo,image,1.4,221,no hace falta: el vivo no se recomprime desde aquí (al ejecutar se mide su SSIM antes de borrar),false,
_originales/catalogo/marcas/fa1e2b07-c985-4dee-b61b-bc1917589982-s2-46sjvv.jpg,catalogo,image,1.4,221,no hace falta: el vivo no se recomprime desde aquí (al ejecutar se mide su SSIM antes de borrar),false,
_originales/catalogo/marcas/fa5a7f1d-9295-4196-bd4b-0ee1c9c8f799-fatry5.jpg,catalogo,image,1.4,206,no hace falta: el vivo no se recomprime desde aquí (al ejecutar se mide su SSIM antes de borrar),false,
_originales/catalogo/marcas/fa5a7f1d-9295-4196-bd4b-0ee1c9c8f799-s2-fatry5.jpg,catalogo,image,1.4,206,no hace falta: el vivo no se recomprime desde aquí (al ejecutar se mide su SSIM antes de borrar),false,
_originales/catalogo/marcas/fbfa6155-6c0e-441d-ac8b-8e3ed3ad5ea4-s2-t25e6p.jpg,catalogo,image,1.2,186,no hace falta: el vivo no se recomprime desde aquí (al ejecutar se mide su SSIM antes de borrar),false,
_originales/catalogo/marcas/fbfa6155-6c0e-441d-ac8b-8e3ed3ad5ea4-t25e6p.jpg,catalogo,image,1.1,184,no hace falta: el vivo no se recomprime desde aquí (al ejecutar se mide su SSIM antes de borrar),false,
_originales/catalogo/marcas/fc5972ff-7c52-408d-9611-7da2808525b2-b83n88.jpg,catalogo,image,1.3,246,no hace falta: el vivo no se recomprime desde aquí (al ejecutar se mide su SSIM antes de borrar),false,
_originales/catalogo/marcas/fc5972ff-7c52-408d-9611-7da2808525b2-s2-b83n88.jpg,catalogo,image,1.4,249,no hace falta: el vivo no se recomprime desde aquí (al ejecutar se mide su SSIM antes de borrar),false,
_originales/catalogo/marcas/fe4d4314-ca8d-463f-8d2e-98bbcd9b1151-mt1gnb.jpg,catalogo,image,1.3,228,no hace falta: el vivo no se recomprime desde aquí (al ejecutar se mide su SSIM antes de borrar),false,
_originales/catalogo/marcas/fe4d4314-ca8d-463f-8d2e-98bbcd9b1151-s2-mt1gnb.jpg,catalogo,image,1.3,228,no hace falta: el vivo no se recomprime desde aquí (al ejecutar se mide su SSIM antes de borrar),false,
_originales/embudos/america tk/1785985897533-t5gzv.jpg,embudos,image,1.1,215,no hace falta: el vivo no se recomprime desde aquí (al ejecutar se mide su SSIM antes de borrar),false,
_originales/embudos/america tk/1785985903419-8w9yx.jpg,embudos,image,0.9,177,no hace falta: el vivo no se recomprime desde aquí (al ejecutar se mide su SSIM antes de borrar),false,
_originales/embudos/america tk/1785985907669-mu3vd.jpg,embudos,image,0.9,180,no hace falta: el vivo no se recomprime desde aquí (al ejecutar se mide su SSIM antes de borrar),false,
_originales/embudos/america tk/1785985912402-7zlvx.jpg,embudos,image,1.1,254,fuente de A3/A4: borrar DESPUÉS de recomprimir y verificar,true,
_originales/embudos/america tk/1785986041133-20dew.jpg,embudos,image,1.1,215,no hace falta: el vivo no se recomprime desde aquí (al ejecutar se mide su SSIM antes de borrar),false,
_originales/embudos/america tk/1785986047719-v3a39.jpg,embudos,image,0.9,177,no hace falta: el vivo no se recomprime desde aquí (al ejecutar se mide su SSIM antes de borrar),false,
_originales/embudos/america tk/1785986073102-coek1.jpg,embudos,image,1.1,215,no hace falta: el vivo no se recomprime desde aquí (al ejecutar se mide su SSIM antes de borrar),false,
_originales/embudos/america tk/1785986085076-kck70.jpg,embudos,image,1.1,254,fuente de A3/A4: borrar DESPUÉS de recomprimir y verificar,true,
_originales/embudos/america tk/1785986104559-9gv45.jpg,embudos,image,0.9,180,no hace falta: el vivo no se recomprime desde aquí (al ejecutar se mide su SSIM antes de borrar),false,
_originales/embudos/america tk/1785986245929-m99kh.jpg,embudos,image,1.2,199,no hace falta: el vivo no se recomprime desde aquí (al ejecutar se mide su SSIM antes de borrar),false,
_originales/embudos/america-fc-copia/1786204739102-dhw2q.jpg,embudos,image,1.1,288,no hace falta: el vivo no se recomprime desde aquí (al ejecutar se mide su SSIM antes de borrar),false,
_originales/embudos/america-fc-copia/1786205264811-zlbw1.jpg,embudos,image,1.1,288,no hace falta: el vivo no se recomprime desde aquí (al ejecutar se mide su SSIM antes de borrar),false,
_originales/embudos/america-fc-copia/1786205269533-zbth4.jpg,embudos,image,1.2,312,fuente de A3/A4: borrar DESPUÉS de recomprimir y verificar,true,
_originales/embudos/america-fc-copia/1786205336933-sfx7y.jpg,embudos,image,0.8,151,no hace falta: el vivo no se recomprime desde aquí (al ejecutar se mide su SSIM antes de borrar),false,
_originales/embudos/america-fc-copia/1786205341307-kpyw0.jpg,embudos,image,1.1,227,no hace falta: el vivo no se recomprime desde aquí (al ejecutar se mide su SSIM antes de borrar),false,
_originales/embudos/america-fc-copia/1786205344732-hikdj.jpg,embudos,image,0.9,175,no hace falta: el vivo no se recomprime desde aquí (al ejecutar se mide su SSIM antes de borrar),false,
_originales/embudos/america-fc-copia/1786205351436-r4odj.jpg,embudos,image,0.9,175,no hace falta: el vivo no se recomprime desde aquí (al ejecutar se mide su SSIM antes de borrar),false,
_originales/embudos/america-fc-copia/1786205368862-x533y.jpg,embudos,image,1.1,227,no hace falta: el vivo no se recomprime desde aquí (al ejecutar se mide su SSIM antes de borrar),false,
_originales/embudos/america-fc-copia/1786205476563-qe85v.jpg,embudos,image,0.8,157,no hace falta: el vivo no se recomprime desde aquí (al ejecutar se mide su SSIM antes de borrar),false,
_originales/embudos/america-fc-copia/1786205484000-cnitg.jpg,embudos,image,0.9,182,no hace falta: el vivo no se recomprime desde aquí (al ejecutar se mide su SSIM antes de borrar),false,
_originales/embudos/america-fc-copia/1786205487624-0kegs.jpg,embudos,image,1.1,233,no hace falta: el vivo no se recomprime desde aquí (al ejecutar se mide su SSIM antes de borrar),false,
_originales/embudos/america-fc-copia/1786205506845-jipvc.jpg,embudos,image,1.1,233,no hace falta: el vivo no se recomprime desde aquí (al ejecutar se mide su SSIM antes de borrar),false,
_originales/embudos/america-fc-copia/1786205512275-4lcf0.jpg,embudos,image,0.9,182,no hace falta: el vivo no se recomprime desde aquí (al ejecutar se mide su SSIM antes de borrar),false,
_originales/embudos/america-fc-copia/1786205521490-c89iq.jpg,embudos,image,1.1,233,no hace falta: el vivo no se recomprime desde aquí (al ejecutar se mide su SSIM antes de borrar),false,
_originales/embudos/america-fc-copia/1786205607492-jo3f8.jpg,embudos,image,1.1,288,no hace falta: el vivo no se recomprime desde aquí (al ejecutar se mide su SSIM antes de borrar),false,
_originales/embudos/america-fc-copia/1786210634122-f8vyz.jpg,embudos,image,0.5,113,no hace falta: el vivo no se recomprime desde aquí (al ejecutar se mide su SSIM antes de borrar),false,
_originales/embudos/america-fc-copia/1786210662019-4ss90.jpg,embudos,image,0.6,204,no hace falta: el vivo no se recomprime desde aquí (al ejecutar se mide su SSIM antes de borrar),false,
_originales/embudos/america-fc-copia/1786210667920-i81wb.jpg,embudos,image,0.5,181,no hace falta: el vivo no se recomprime desde aquí (al ejecutar se mide su SSIM antes de borrar),false,
_originales/embudos/america-fc-copia/1786210674460-mrw09.jpg,embudos,image,0.5,197,no hace falta: el vivo no se recomprime desde aquí (al ejecutar se mide su SSIM antes de borrar),false,
_originales/embudos/america-fc-copia/1786210681482-my45u.jpg,embudos,image,0.5,173,no hace falta: el vivo no se recomprime desde aquí (al ejecutar se mide su SSIM antes de borrar),false,
_originales/embudos/america-fc-copia/1786210691172-2egbd.jpg,embudos,image,0.5,185,no hace falta: el vivo no se recomprime desde aquí (al ejecutar se mide su SSIM antes de borrar),false,
_originales/embudos/america-tk/1785989935355-x9ddd.png,embudos,image,2.1,138,no hace falta: el vivo no se recomprime desde aquí (al ejecutar se mide su SSIM antes de borrar),false,
_originales/embudos/atl-nacional/1787712862868-ncwxo.jpg,embudos,image,1,213,no hace falta: el vivo no se recomprime desde aquí (al ejecutar se mide su SSIM antes de borrar),false,
_originales/embudos/atl-nacional/1787713004533-kp0lf.png,embudos,image,2,171,no hace falta: el vivo no se recomprime desde aquí (al ejecutar se mide su SSIM antes de borrar),false,
_originales/embudos/atl-nacional/1787713413315-it4gg.jpg,embudos,image,0.7,144,no hace falta: el vivo no se recomprime desde aquí (al ejecutar se mide su SSIM antes de borrar),false,
_originales/embudos/atl-nacional/1787713430694-5xivy.jpg,embudos,image,0.9,172,no hace falta: el vivo no se recomprime desde aquí (al ejecutar se mide su SSIM antes de borrar),false,
_originales/embudos/atl-nacional/1787713442129-p8tjo.png,embudos,image,1.4,102,no hace falta: el vivo no se recomprime desde aquí (al ejecutar se mide su SSIM antes de borrar),false,
_originales/embudos/atl-nacional/1787713452071-l456c.png,embudos,image,2.4,219,no hace falta: el vivo no se recomprime desde aquí (al ejecutar se mide su SSIM antes de borrar),false,
_originales/embudos/atl-nacional/1787713489402-urt1b.png,embudos,image,2.1,204,no hace falta: el vivo no se recomprime desde aquí (al ejecutar se mide su SSIM antes de borrar),false,
_originales/embudos/atl-nacional/1787713573719-tjmkn.png,embudos,image,1.8,155,no hace falta: el vivo no se recomprime desde aquí (al ejecutar se mide su SSIM antes de borrar),false,
_originales/embudos/atl-nacional/1787713765423-xctw2.jpg,embudos,image,0.6,164,no hace falta: el vivo no se recomprime desde aquí (al ejecutar se mide su SSIM antes de borrar),false,
_originales/embudos/atl-nacional/1787714070297-qksfg.jpg,embudos,image,3.5,448,fuente de A3/A4: borrar DESPUÉS de recomprimir y verificar,true,
_originales/embudos/atl-nacional/1787714077182-w6zlt.jpg,embudos,image,1.1,199,no hace falta: el vivo no se recomprime desde aquí (al ejecutar se mide su SSIM antes de borrar),false,
_originales/embudos/atl-nacional/1787714083634-hkkkv.jpg,embudos,image,0.9,186,no hace falta: el vivo no se recomprime desde aquí (al ejecutar se mide su SSIM antes de borrar),false,
_originales/embudos/atl-nacional/1787714093297-04erk.jpg,embudos,image,1.1,260,fuente de A3/A4: borrar DESPUÉS de recomprimir y verificar,true,
_originales/embudos/atl-nacional/1787714101262-t72d4.jpg,embudos,image,0.9,187,no hace falta: el vivo no se recomprime desde aquí (al ejecutar se mide su SSIM antes de borrar),false,
_originales/embudos/BTS/1784672016031-tkd1p.jpg,embudos,image,0.8,165,no hace falta: el vivo no se recomprime desde aquí (al ejecutar se mide su SSIM antes de borrar),false,
_originales/embudos/BTS/1784672025533-ba8q3.jpg,embudos,image,0.9,190,no hace falta: el vivo no se recomprime desde aquí (al ejecutar se mide su SSIM antes de borrar),false,
_originales/embudos/BTS/1784672077410-2m7fg.jpg,embudos,image,1.1,220,no hace falta: el vivo no se recomprime desde aquí (al ejecutar se mide su SSIM antes de borrar),false,
_originales/embudos/bts/1784672903813-bxp46.jpg,embudos,image,0.6,116,no hace falta: el vivo no se recomprime desde aquí (al ejecutar se mide su SSIM antes de borrar),false,
_originales/embudos/bts/1784683129442-7h3xz.jpg,embudos,image,0.8,165,no hace falta: el vivo no se recomprime desde aquí (al ejecutar se mide su SSIM antes de borrar),false,
_originales/embudos/bts/1784683141025-jfsy6.jpg,embudos,image,0.9,190,no hace falta: el vivo no se recomprime desde aquí (al ejecutar se mide su SSIM antes de borrar),false,
_originales/embudos/bts/1784683207475-8mlnm.jpg,embudos,image,1.1,220,no hace falta: el vivo no se recomprime desde aquí (al ejecutar se mide su SSIM antes de borrar),false,
_originales/embudos/bts/1784693440825-dlztp.jpg,embudos,image,1.1,220,no hace falta: el vivo no se recomprime desde aquí (al ejecutar se mide su SSIM antes de borrar),false,
_originales/embudos/BUZO MERCEDES/1786393258166-tkwm1.png,embudos,image,1.8,128,no hace falta: el vivo no se recomprime desde aquí (al ejecutar se mide su SSIM antes de borrar),false,
_originales/embudos/BUZO MERCEDES/1786393264083-1aa88.png,embudos,image,1.8,133,no hace falta: el vivo no se recomprime desde aquí (al ejecutar se mide su SSIM antes de borrar),false,
_originales/embudos/BUZO MERCEDES/1786393271565-vmrqz.png,embudos,image,1.8,128,no hace falta: el vivo no se recomprime desde aquí (al ejecutar se mide su SSIM antes de borrar),false,
_originales/embudos/BUZO MERCEDES/1786393382580-hridv.jpg,embudos,image,1.1,239,no hace falta: el vivo no se recomprime desde aquí (al ejecutar se mide su SSIM antes de borrar),false,
_originales/embudos/BUZO MERCEDES/1786393389401-38p4x.jpg,embudos,image,0.9,192,no hace falta: el vivo no se recomprime desde aquí (al ejecutar se mide su SSIM antes de borrar),false,
_originales/embudos/BUZO MERCEDES/1786393517316-doyvz.jpg,embudos,image,0.4,213,no hace falta: el vivo no se recomprime desde aquí (al ejecutar se mide su SSIM antes de borrar),false,
_originales/embudos/buzo-mercedes/1786393819578-sbjdf.png,embudos,image,1.8,133,no hace falta: el vivo no se recomprime desde aquí (al ejecutar se mide su SSIM antes de borrar),false,
_originales/embudos/buzo-mercedes/1786393936958-u0jn5.png,embudos,image,1.8,128,no hace falta: el vivo no se recomprime desde aquí (al ejecutar se mide su SSIM antes de borrar),false,
_originales/embudos/buzo-mercedes/1786393986247-7ix48.jpg,embudos,image,1.1,239,no hace falta: el vivo no se recomprime desde aquí (al ejecutar se mide su SSIM antes de borrar),false,
_originales/embudos/chat/media-1785019291539-uuq6e.png,embudos/chat,image,5.5,446,fuente de A3/A4: borrar DESPUÉS de recomprimir y verificar,true,
_originales/embudos/chat/media-1785021221737-pkqeo.png,embudos/chat,image,5.5,446,fuente de A3/A4: borrar DESPUÉS de recomprimir y verificar,true,
_originales/embudos/chat/media-1785104383164-jkiet.png,embudos/chat,image,4.9,357,fuente de A3/A4: borrar DESPUÉS de recomprimir y verificar,true,
_originales/embudos/chat/media-1785442942956-6twg1.png,embudos/chat,image,4.9,381,fuente de A3/A4: borrar DESPUÉS de recomprimir y verificar,true,
_originales/embudos/chat/media-1785460860220-rfod5.png,embudos/chat,image,5.3,424,fuente de A3/A4: borrar DESPUÉS de recomprimir y verificar,true,
_originales/embudos/chat/media-1785535228562-grnrx.png,embudos/chat,image,4.9,357,fuente de A3/A4: borrar DESPUÉS de recomprimir y verificar,true,
_originales/embudos/chat/media-1785677237576-5ewlw.png,embudos/chat,image,5,372,fuente de A3/A4: borrar DESPUÉS de recomprimir y verificar,true,
_originales/embudos/chat/media-1785852244683-68wdn.png,embudos/chat,image,5,371,fuente de A3/A4: borrar DESPUÉS de recomprimir y verificar,true,
_originales/embudos/chat/media-1785951197571-grm4r.png,embudos/chat,image,5,360,fuente de A3/A4: borrar DESPUÉS de recomprimir y verificar,true,
_originales/embudos/chat/media-1785970454506-mhffc.png,embudos/chat,image,5,379,fuente de A3/A4: borrar DESPUÉS de recomprimir y verificar,true,
_originales/embudos/chat/media-1786112415609-se9sz.png,embudos/chat,image,5,370,fuente de A3/A4: borrar DESPUÉS de recomprimir y verificar,true,
_originales/embudos/chat/media-1786118684310-o5rch.png,embudos/chat,image,5,370,fuente de A3/A4: borrar DESPUÉS de recomprimir y verificar,true,
_originales/embudos/chat/media-1786204828245-qphds.png,embudos/chat,image,5,371,fuente de A3/A4: borrar DESPUÉS de recomprimir y verificar,true,
_originales/embudos/chat/media-1786657760032-xqdnt.png,embudos/chat,image,4.1,438,fuente de A3/A4: borrar DESPUÉS de recomprimir y verificar,true,
_originales/embudos/chat/media-1787168273820-25jok.png,embudos/chat,image,5,371,fuente de A3/A4: borrar DESPUÉS de recomprimir y verificar,true,
_originales/embudos/colombia-retro-marfil/1787890281299-a9jrj.png,embudos,image,1.6,153,no hace falta: el vivo no se recomprime desde aquí (al ejecutar se mide su SSIM antes de borrar),false,
_originales/embudos/colombia/1787541738420-bhjsb.png,embudos,image,2.3,236,no hace falta: el vivo no se recomprime desde aquí (al ejecutar se mide su SSIM antes de borrar),false,
_originales/embudos/colombia/1787541780507-n3hzo.png,embudos,image,2.3,236,no hace falta: el vivo no se recomprime desde aquí (al ejecutar se mide su SSIM antes de borrar),false,
_originales/embudos/colombia/1787542810458-efg6r.png,embudos,image,2.3,236,no hace falta: el vivo no se recomprime desde aquí (al ejecutar se mide su SSIM antes de borrar),false,
_originales/embudos/colombia/1787543177290-a8thu.png,embudos,image,2.5,300,fuente de A3/A4: borrar DESPUÉS de recomprimir y verificar,true,
_originales/embudos/colombia/1787543178852-imbfg.png,embudos,image,2.4,264,fuente de A3/A4: borrar DESPUÉS de recomprimir y verificar,true,
_originales/embudos/colombia/1787543180672-5vo5l.png,embudos,image,2.3,236,no hace falta: el vivo no se recomprime desde aquí (al ejecutar se mide su SSIM antes de borrar),false,
_originales/embudos/colombia/1787543290617-6rv9e.png,embudos,image,2.7,298,no hace falta: el vivo no se recomprime desde aquí (al ejecutar se mide su SSIM antes de borrar),false,
_originales/embudos/colombia/1787543878071-f3ie0.png,embudos,image,2.2,219,no hace falta: el vivo no se recomprime desde aquí (al ejecutar se mide su SSIM antes de borrar),false,
_originales/embudos/colombia/1787543970932-sb1xg.png,embudos,image,2,136,no hace falta: el vivo no se recomprime desde aquí (al ejecutar se mide su SSIM antes de borrar),false,
_originales/embudos/colombia/1787544000452-38s78.png,embudos,image,2,183,no hace falta: el vivo no se recomprime desde aquí (al ejecutar se mide su SSIM antes de borrar),false,
_originales/embudos/colombia/1787544028108-ywt8y.png,embudos,image,2.1,158,no hace falta: el vivo no se recomprime desde aquí (al ejecutar se mide su SSIM antes de borrar),false,
_originales/embudos/colombia/1787544058937-k0lcl.png,embudos,image,2.1,167,no hace falta: el vivo no se recomprime desde aquí (al ejecutar se mide su SSIM antes de borrar),false,
_originales/embudos/colombia/1787588094067-2oo9g.jpg,embudos,image,0.2,116,no hace falta: el vivo no se recomprime desde aquí (al ejecutar se mide su SSIM antes de borrar),false,
_originales/embudos/F1 ESCUDERIA TK/1787413948281-5phcx.jpg,embudos,image,0.8,186,no hace falta: el vivo no se recomprime desde aquí (al ejecutar se mide su SSIM antes de borrar),false,
_originales/embudos/f1-escuderia-ftk/1787971923710-8yqpv.png,embudos,image,0.6,160,no hace falta: el vivo no se recomprime desde aquí (al ejecutar se mide su SSIM antes de borrar),false,
_originales/embudos/f1-escuderia-ftk/1787971927640-kdtz2.png,embudos,image,0.6,179,no hace falta: el vivo no se recomprime desde aquí (al ejecutar se mide su SSIM antes de borrar),false,
_originales/embudos/f1-escuderia-ftk/1787971932047-ng3a1.png,embudos,image,0.5,135,no hace falta: el vivo no se recomprime desde aquí (al ejecutar se mide su SSIM antes de borrar),false,
_originales/embudos/f1-escuderia-tk/1787414242326-glmb6.jpg,embudos,image,0.5,127,no hace falta: el vivo no se recomprime desde aquí (al ejecutar se mide su SSIM antes de borrar),false,
_originales/embudos/f1-escuderia-tk/1787442639567-q0d7d.jpg,embudos,image,0.5,127,no hace falta: el vivo no se recomprime desde aquí (al ejecutar se mide su SSIM antes de borrar),false,
_originales/embudos/f1-escuderia-tk/1787453885087-lqy9c.jpg,embudos,image,0.5,127,no hace falta: el vivo no se recomprime desde aquí (al ejecutar se mide su SSIM antes de borrar),false,
_originales/embudos/f1-escuderia-tk/1787454533349-w9536.jpg,embudos,image,3.5,449,fuente de A3/A4: borrar DESPUÉS de recomprimir y verificar,true,
_originales/embudos/f1-escuderia-tk/1787454546115-lmglu.jpg,embudos,image,1.7,379,fuente de A3/A4: borrar DESPUÉS de recomprimir y verificar,true,
_originales/embudos/f1-escuderia-tk/1787454611046-yv7vp.jpg,embudos,image,0.4,223,no hace falta: el vivo no se recomprime desde aquí (al ejecutar se mide su SSIM antes de borrar),false,
_originales/embudos/f1-escuderia-tk/1787523061882-m4vvo.jpg,embudos,image,0.7,154,no hace falta: el vivo no se recomprime desde aquí (al ejecutar se mide su SSIM antes de borrar),false,
_originales/embudos/f1-escuderia-tk/1787523688108-sedo0.jpg,embudos,image,0.7,154,no hace falta: el vivo no se recomprime desde aquí (al ejecutar se mide su SSIM antes de borrar),false,
_originales/embudos/f1-escuderia-tk/1787525205501-fxc0p.png,embudos,image,2.3,154,no hace falta: el vivo no se recomprime desde aquí (al ejecutar se mide su SSIM antes de borrar),false,
_originales/embudos/f1-escuderia-tk/1787525661040-3zktg.png,embudos,image,2.2,176,no hace falta: el vivo no se recomprime desde aquí (al ejecutar se mide su SSIM antes de borrar),false,
_originales/embudos/f1-escuderia-tk/1787525686055-ub93f.png,embudos,image,1.8,137,no hace falta: el vivo no se recomprime desde aquí (al ejecutar se mide su SSIM antes de borrar),false,
_originales/embudos/f1-escuderia-tk/1787525941749-0quel.png,embudos,image,2.1,130,no hace falta: el vivo no se recomprime desde aquí (al ejecutar se mide su SSIM antes de borrar),false,
_originales/embudos/f1-escuderia-tk/1787527620201-uqqsk.jpg,embudos,image,0.6,116,no hace falta: el vivo no se recomprime desde aquí (al ejecutar se mide su SSIM antes de borrar),false,
_originales/embudos/f1-escuderia-tk/1787528259452-fl7ti.jpg,embudos,image,0.7,121,no hace falta: el vivo no se recomprime desde aquí (al ejecutar se mide su SSIM antes de borrar),false,
_originales/embudos/f1-escuderia-tk/1787971549557-o6s0y.png,embudos,image,0.6,160,no hace falta: el vivo no se recomprime desde aquí (al ejecutar se mide su SSIM antes de borrar),false,
_originales/embudos/f1-escuderia-tk/1787971558759-9ncet.png,embudos,image,0.6,179,no hace falta: el vivo no se recomprime desde aquí (al ejecutar se mide su SSIM antes de borrar),false,
_originales/embudos/f1-escuderia-tk/1787971563748-g2691.png,embudos,image,0.5,135,no hace falta: el vivo no se recomprime desde aquí (al ejecutar se mide su SSIM antes de borrar),false,
_originales/embudos/FORMULA 1/1784738607995-43pa7.png,embudos,image,2.1,214,no hace falta: el vivo no se recomprime desde aquí (al ejecutar se mide su SSIM antes de borrar),false,
_originales/embudos/FORMULA 1/1784738655068-gc8gy.jpg,embudos,image,1.1,124,no hace falta: el vivo no se recomprime desde aquí (al ejecutar se mide su SSIM antes de borrar),false,
_originales/embudos/FORMULA 1/1784739405018-2s5q7.jpg,embudos,image,0.6,311,"CONSERVAR: el vivo ya está bajo SSIM 0,95 frente al original; decidir si se recupera",false,0.942
_originales/embudos/FORMULA 1/1784739411044-axhm2.jpg,embudos,image,0.7,381,no hace falta: el vivo no se recomprime desde aquí (al ejecutar se mide su SSIM antes de borrar),false,
_originales/embudos/FORMULA 1/1784739417083-6f4jy.jpg,embudos,image,0.7,373,no hace falta: el vivo no se recomprime desde aquí (al ejecutar se mide su SSIM antes de borrar),false,
_originales/embudos/FORMULA 1/1784739424188-slutm.jpg,embudos,image,0.5,351,fuente de A3/A4: borrar DESPUÉS de recomprimir y verificar,true,
_originales/embudos/formula-1-copia/1786757773373-cf4as.jpg,embudos,image,3.5,449,fuente de A3/A4: borrar DESPUÉS de recomprimir y verificar,true,
_originales/embudos/formula-1-copia/1786757786584-tiaw8.jpg,embudos,image,1.7,381,fuente de A3/A4: borrar DESPUÉS de recomprimir y verificar,true,
_originales/embudos/formula-1-copia/1786757800646-k7osv.jpg,embudos,image,1.9,446,fuente de A3/A4: borrar DESPUÉS de recomprimir y verificar,true,
_originales/embudos/formula-1-copia/1786757820808-5vd18.jpg,embudos,image,1.7,382,fuente de A3/A4: borrar DESPUÉS de recomprimir y verificar,true,
_originales/embudos/formula-1-copia/1786757832451-0uk5l.jpg,embudos,image,1.7,379,fuente de A3/A4: borrar DESPUÉS de recomprimir y verificar,true,
_originales/embudos/formula-1-copia/1786757847833-b45nl.jpg,embudos,image,2,480,fuente de A3/A4: borrar DESPUÉS de recomprimir y verificar,true,
_originales/embudos/formula-1-copia/1786757938179-2g7fl.jpg,embudos,image,1.7,379,fuente de A3/A4: borrar DESPUÉS de recomprimir y verificar,true,
_originales/embudos/formula-1-copia/1786757946314-3bbuh.jpg,embudos,image,1.7,382,fuente de A3/A4: borrar DESPUÉS de recomprimir y verificar,true,
_originales/embudos/formula-1-copia/1786757955949-5jce0.jpg,embudos,image,1.7,381,fuente de A3/A4: borrar DESPUÉS de recomprimir y verificar,true,
_originales/embudos/formula-1-copia/1786757968127-neh3s.jpg,embudos,image,2,480,fuente de A3/A4: borrar DESPUÉS de recomprimir y verificar,true,
_originales/embudos/formula-1-copia/1786757979173-afeqw.jpg,embudos,image,1.7,381,fuente de A3/A4: borrar DESPUÉS de recomprimir y verificar,true,
_originales/embudos/formula-1-copia/1786757981870-highv.jpg,embudos,image,1.7,382,fuente de A3/A4: borrar DESPUÉS de recomprimir y verificar,true,
_originales/embudos/formula-1-copia/1786758880463-dkd96.jpg,embudos,image,3.5,449,fuente de A3/A4: borrar DESPUÉS de recomprimir y verificar,true,
_originales/embudos/formula-1-copia/1786758898370-p7prp.jpg,embudos,image,1.7,381,fuente de A3/A4: borrar DESPUÉS de recomprimir y verificar,true,
_originales/embudos/formula-1-copia/1786758918966-vvxqm.jpg,embudos,image,1.7,382,fuente de A3/A4: borrar DESPUÉS de recomprimir y verificar,true,
_originales/embudos/formula-1-copia/1786758937749-cg908.jpg,embudos,image,2,480,fuente de A3/A4: borrar DESPUÉS de recomprimir y verificar,true,
_originales/embudos/formula-1-copia/1786758968550-9foub.jpg,embudos,image,1.7,379,fuente de A3/A4: borrar DESPUÉS de recomprimir y verificar,true,
_originales/embudos/formula-1-copia/1786759024746-s2mq8.jpg,embudos,image,3.6,502,fuente de A3/A4: borrar DESPUÉS de recomprimir y verificar,true,
_originales/embudos/formula-1-copia/1786760516714-ad9y2.jpg,embudos,image,0.8,146,no hace falta: el vivo no se recomprime desde aquí (al ejecutar se mide su SSIM antes de borrar),false,
_originales/embudos/formula-1-copia/1786766388730-yhxpm.jpg,embudos,image,3.5,481,fuente de A3/A4: borrar DESPUÉS de recomprimir y verificar,true,
_originales/embudos/formula-1-copia/1786766396529-jkdsa.jpg,embudos,image,3.6,502,fuente de A3/A4: borrar DESPUÉS de recomprimir y verificar,true,
_originales/embudos/formula-1-copia/1786766406004-v82k0.jpg,embudos,image,3.5,449,fuente de A3/A4: borrar DESPUÉS de recomprimir y verificar,true,
_originales/embudos/formula-1-copia/1786766422439-gyqkk.jpg,embudos,image,3.5,481,fuente de A3/A4: borrar DESPUÉS de recomprimir y verificar,true,
_originales/embudos/formula-1-copia/1786766438614-o8s76.jpg,embudos,image,3.6,502,fuente de A3/A4: borrar DESPUÉS de recomprimir y verificar,true,
_originales/embudos/formula-1-copia/1786766470787-q3e4t.jpg,embudos,image,3.6,491,fuente de A3/A4: borrar DESPUÉS de recomprimir y verificar,true,
_originales/embudos/formula-1-fc/1786820867517-dsp51.jpg,embudos,image,1,114,no hace falta: el vivo no se recomprime desde aquí (al ejecutar se mide su SSIM antes de borrar),false,
_originales/embudos/formula-1-fc/1786820889050-qq5qr.jpg,embudos,image,0.7,138,no hace falta: el vivo no se recomprime desde aquí (al ejecutar se mide su SSIM antes de borrar),false,
_originales/embudos/formula-1-fc/1786820974424-78xpe.jpg,embudos,image,0.8,146,no hace falta: el vivo no se recomprime desde aquí (al ejecutar se mide su SSIM antes de borrar),false,
_originales/embudos/formula-1-tk/1786818299833-a4chx.jpg,embudos,image,1,114,no hace falta: el vivo no se recomprime desde aquí (al ejecutar se mide su SSIM antes de borrar),false,
_originales/embudos/formula-1-tk/1786818348029-vbfej.jpg,embudos,image,0.8,146,no hace falta: el vivo no se recomprime desde aquí (al ejecutar se mide su SSIM antes de borrar),false,
_originales/embudos/formula-1-tk/1786819285350-2pxcr.jpg,embudos,image,0.8,146,no hace falta: el vivo no se recomprime desde aquí (al ejecutar se mide su SSIM antes de borrar),false,
_originales/embudos/formula-1-tk/1786819542373-8s2t1.jpg,embudos,image,0.8,146,no hace falta: el vivo no se recomprime desde aquí (al ejecutar se mide su SSIM antes de borrar),false,
_originales/embudos/formula-1-tk/1786820209656-kkdvj.jpg,embudos,image,0.7,138,no hace falta: el vivo no se recomprime desde aquí (al ejecutar se mide su SSIM antes de borrar),false,
_originales/embudos/formula-1/1784838994022-01m6z.jpg,embudos,image,1.3,298,"CONSERVAR: el vivo ya está bajo SSIM 0,95 frente al original; decidir si se recupera",false,0.948
_originales/embudos/formula-1/1784840741340-2wcbs.jpg,embudos,image,1,217,no hace falta: el vivo no se recomprime desde aquí (al ejecutar se mide su SSIM antes de borrar),false,
_originales/embudos/formula-1/1784841277152-l39ro.jpg,embudos,image,1.7,381,fuente de A3/A4: borrar DESPUÉS de recomprimir y verificar,true,
_originales/embudos/formula-1/1784842007942-fpdo9.jpg,embudos,image,3.5,449,fuente de A3/A4: borrar DESPUÉS de recomprimir y verificar,true,
_originales/embudos/formula-1/1784842013216-gl165.jpg,embudos,image,1.7,381,fuente de A3/A4: borrar DESPUÉS de recomprimir y verificar,true,
_originales/embudos/formula-1/1784842016774-qv49u.jpg,embudos,image,1.9,446,fuente de A3/A4: borrar DESPUÉS de recomprimir y verificar,true,
_originales/embudos/formula-1/1784842019860-jllh9.jpg,embudos,image,1.7,379,fuente de A3/A4: borrar DESPUÉS de recomprimir y verificar,true,
_originales/embudos/formula-1/1784842026020-zhwkc.jpg,embudos,image,2,480,fuente de A3/A4: borrar DESPUÉS de recomprimir y verificar,true,
_originales/embudos/formula-1/1784842029404-hr20q.jpg,embudos,image,1.7,382,fuente de A3/A4: borrar DESPUÉS de recomprimir y verificar,true,
_originales/embudos/formula-1/1784842048057-60h2w.jpg,embudos,image,1.7,381,fuente de A3/A4: borrar DESPUÉS de recomprimir y verificar,true,
_originales/embudos/formula-1/1784842053439-6ljci.jpg,embudos,image,1.9,446,fuente de A3/A4: borrar DESPUÉS de recomprimir y verificar,true,
_originales/embudos/formula-1/1784842057540-yxdsv.jpg,embudos,image,1.7,379,fuente de A3/A4: borrar DESPUÉS de recomprimir y verificar,true,
_originales/embudos/formula-1/1784842060769-69d3f.jpg,embudos,image,2,480,fuente de A3/A4: borrar DESPUÉS de recomprimir y verificar,true,
_originales/embudos/formula-1/1784842068174-pq8wz.jpg,embudos,image,1.7,382,fuente de A3/A4: borrar DESPUÉS de recomprimir y verificar,true,
_originales/embudos/formula-1/1784842072849-dlopd.jpg,embudos,image,1.9,446,fuente de A3/A4: borrar DESPUÉS de recomprimir y verificar,true,
_originales/embudos/formula-1/1784842080460-jp4lf.jpg,embudos,image,1.7,379,fuente de A3/A4: borrar DESPUÉS de recomprimir y verificar,true,
_originales/embudos/formula-1/1784842088546-g193i.jpg,embudos,image,1.7,381,fuente de A3/A4: borrar DESPUÉS de recomprimir y verificar,true,
_originales/embudos/formula-1/1784842129162-a1e77.jpg,embudos,image,3.6,502,fuente de A3/A4: borrar DESPUÉS de recomprimir y verificar,true,
_originales/embudos/formula-1/1784842139252-e0wvb.jpg,embudos,image,0.9,198,no hace falta: el vivo no se recomprime desde aquí (al ejecutar se mide su SSIM antes de borrar),false,
_originales/embudos/formula-1/1784842147139-g1za4.jpg,embudos,image,1.1,238,no hace falta: el vivo no se recomprime desde aquí (al ejecutar se mide su SSIM antes de borrar),false,
_originales/embudos/formula-1/1784842157017-zof09.jpg,embudos,image,1.1,260,fuente de A3/A4: borrar DESPUÉS de recomprimir y verificar,true,
_originales/embudos/formula-1/1784842160712-hqx84.jpg,embudos,image,0.9,196,no hace falta: el vivo no se recomprime desde aquí (al ejecutar se mide su SSIM antes de borrar),false,
_originales/embudos/formula-1/1784842182320-5ifx7.jpg,embudos,image,3.5,481,fuente de A3/A4: borrar DESPUÉS de recomprimir y verificar,true,
_originales/embudos/formula-1/1784842191447-9v403.jpg,embudos,image,0.3,204,no hace falta: el vivo no se recomprime desde aquí (al ejecutar se mide su SSIM antes de borrar),false,
_originales/embudos/formula-1/1784842196148-rp9on.jpg,embudos,image,1.1,227,no hace falta: el vivo no se recomprime desde aquí (al ejecutar se mide su SSIM antes de borrar),false,
_originales/embudos/formula-1/1784842200808-043av.jpg,embudos,image,1.1,252,fuente de A3/A4: borrar DESPUÉS de recomprimir y verificar,true,
_originales/embudos/formula-1/1784842204071-gseu0.jpg,embudos,image,0.9,187,no hace falta: el vivo no se recomprime desde aquí (al ejecutar se mide su SSIM antes de borrar),false,
_originales/embudos/formula-1/1784842230196-062gd.jpg,embudos,image,0.9,195,no hace falta: el vivo no se recomprime desde aquí (al ejecutar se mide su SSIM antes de borrar),false,
_originales/embudos/formula-1/1784842233785-usk4y.jpg,embudos,image,1.1,232,no hace falta: el vivo no se recomprime desde aquí (al ejecutar se mide su SSIM antes de borrar),false,
_originales/embudos/formula-1/1784842238768-1n8oy.jpg,embudos,image,1.1,232,no hace falta: el vivo no se recomprime desde aquí (al ejecutar se mide su SSIM antes de borrar),false,
_originales/embudos/formula-1/1784842242878-c680v.jpg,embudos,image,0.9,195,no hace falta: el vivo no se recomprime desde aquí (al ejecutar se mide su SSIM antes de borrar),false,
_originales/embudos/formula-1/1784842251543-c82sh.jpg,embudos,image,1.1,257,fuente de A3/A4: borrar DESPUÉS de recomprimir y verificar,true,
_originales/embudos/formula-1/1784842257807-i2w9j.jpg,embudos,image,0.9,193,no hace falta: el vivo no se recomprime desde aquí (al ejecutar se mide su SSIM antes de borrar),false,
_originales/embudos/formula-1/1784842277663-pd60o.jpg,embudos,image,3.6,491,fuente de A3/A4: borrar DESPUÉS de recomprimir y verificar,true,
_originales/embudos/formula-1/1785180686342-x8egh.jpg,embudos,image,1.7,381,fuente de A3/A4: borrar DESPUÉS de recomprimir y verificar,true,
_originales/embudos/formula-1/1785180692596-rk1cy.jpg,embudos,image,1.9,446,fuente de A3/A4: borrar DESPUÉS de recomprimir y verificar,true,
_originales/embudos/formula-1/1785180702923-kgy86.jpg,embudos,image,1.7,382,fuente de A3/A4: borrar DESPUÉS de recomprimir y verificar,true,
_originales/embudos/formula-1/1786762448450-poaym.jpg,embudos,image,3.5,449,fuente de A3/A4: borrar DESPUÉS de recomprimir y verificar,true,
_originales/embudos/formula-1/1786762464780-aowac.jpg,embudos,image,3.6,502,fuente de A3/A4: borrar DESPUÉS de recomprimir y verificar,true,
_originales/embudos/formula-1/1786764946349-ftkp4.jpg,embudos,image,1.1,124,no hace falta: el vivo no se recomprime desde aquí (al ejecutar se mide su SSIM antes de borrar),false,
_originales/embudos/formula-1/1786768279555-6nz10.jpg,embudos,image,3.6,491,fuente de A3/A4: borrar DESPUÉS de recomprimir y verificar,true,
_originales/embudos/formula-1/1786768289540-u69ph.jpg,embudos,image,3.5,481,fuente de A3/A4: borrar DESPUÉS de recomprimir y verificar,true,
_originales/embudos/MOTEROS/1785199719495-l31fz.jpg,embudos,image,1.2,234,no hace falta: el vivo no se recomprime desde aquí (al ejecutar se mide su SSIM antes de borrar),false,
_originales/embudos/MOTEROS/1785199772092-nngwo.jpg,embudos,image,1.4,266,"CONSERVAR: el vivo ya está bajo SSIM 0,95 frente al original; decidir si se recupera",false,0.938
_originales/embudos/MOTEROS/1785199811485-eactb.jpg,embudos,image,1.4,270,"CONSERVAR: el vivo ya está bajo SSIM 0,95 frente al original; decidir si se recupera",false,0.933
_originales/embudos/MOTEROS/1785199818096-7f093.jpg,embudos,image,1.5,272,"CONSERVAR: el vivo ya está bajo SSIM 0,95 frente al original; decidir si se recupera",false,0.934
_originales/embudos/MOTEROS/1785199823354-3hsfq.jpg,embudos,image,1.3,242,no hace falta: el vivo no se recomprime desde aquí (al ejecutar se mide su SSIM antes de borrar),false,
_originales/embudos/MOTEROS/1785199831625-x3ni8.jpg,embudos,image,1.3,256,"CONSERVAR: el vivo ya está bajo SSIM 0,95 frente al original; decidir si se recupera",false,0.945
_originales/embudos/MOTEROS/1785199836067-5du9i.jpg,embudos,image,1.2,241,no hace falta: el vivo no se recomprime desde aquí (al ejecutar se mide su SSIM antes de borrar),false,
_originales/embudos/MOTEROS/1785199845432-kdx99.jpg,embudos,image,1.4,266,"CONSERVAR: el vivo ya está bajo SSIM 0,95 frente al original; decidir si se recupera",false,0.935
_originales/embudos/MOTEROS/1785199855957-9yc7d.jpg,embudos,image,1.4,258,"CONSERVAR: el vivo ya está bajo SSIM 0,95 frente al original; decidir si se recupera",false,0.937
_originales/embudos/MOTEROS/1785201604475-gvviy.jpg,embudos,image,1.2,131,no hace falta: el vivo no se recomprime desde aquí (al ejecutar se mide su SSIM antes de borrar),false,
_originales/embudos/nacional-2026/1784604353581-c1b59.jpg,embudos,image,1.7,381,fuente de A3/A4: borrar DESPUÉS de recomprimir y verificar,true,
_originales/embudos/nacional-2026/1784604361190-r7ono.jpg,embudos,image,1.7,382,fuente de A3/A4: borrar DESPUÉS de recomprimir y verificar,true,
_originales/embudos/nacional-2026/1784604367317-058hg.jpg,embudos,image,2,480,fuente de A3/A4: borrar DESPUÉS de recomprimir y verificar,true,
_originales/embudos/nacional-2026/1784604373234-vof77.jpg,embudos,image,1.9,446,fuente de A3/A4: borrar DESPUÉS de recomprimir y verificar,true,
_originales/embudos/nacional-2026/1784604377958-fjxls.jpg,embudos,image,1.7,379,fuente de A3/A4: borrar DESPUÉS de recomprimir y verificar,true,
_originales/embudos/nacional-2026/1784604411060-zr94p.jpg,embudos,image,1.1,119,no hace falta: el vivo no se recomprime desde aquí (al ejecutar se mide su SSIM antes de borrar),false,
_originales/embudos/nacional-2026/1784604435877-gqxea.png,embudos,image,1.4,120,no hace falta: el vivo no se recomprime desde aquí (al ejecutar se mide su SSIM antes de borrar),false,
_originales/embudos/nacional-2026/1784604450473-731dq.jpg,embudos,image,0.3,79,no hace falta: el vivo no se recomprime desde aquí (al ejecutar se mide su SSIM antes de borrar),false,
_originales/embudos/nacional-2026/1784604789918-iiyoq.jpg,embudos,image,1.7,379,fuente de A3/A4: borrar DESPUÉS de recomprimir y verificar,true,
_originales/embudos/nacional-2026/1784604819333-001tu.jpg,embudos,image,1.7,382,fuente de A3/A4: borrar DESPUÉS de recomprimir y verificar,true,
_originales/embudos/nacional-2026/1784604843670-653xb.jpg,embudos,image,1.7,381,fuente de A3/A4: borrar DESPUÉS de recomprimir y verificar,true,
_originales/embudos/nacional-2026/1784604853874-4fzao.jpg,embudos,image,1.9,446,fuente de A3/A4: borrar DESPUÉS de recomprimir y verificar,true,
_originales/embudos/nacional-2026/1784605048907-koe81.jpg,embudos,image,3.5,449,fuente de A3/A4: borrar DESPUÉS de recomprimir y verificar,true,
_originales/embudos/nacional-2026/1784606320455-v9wyh.jpg,embudos,image,3.5,449,fuente de A3/A4: borrar DESPUÉS de recomprimir y verificar,true,
_originales/embudos/nacional-2026/1784609222874-b1amt.jpg,embudos,image,2,480,fuente de A3/A4: borrar DESPUÉS de recomprimir y verificar,true,
_originales/embudos/PAREJA /1786211280690-wbj44.jpg,embudos,image,1.2,300,fuente de A3/A4: borrar DESPUÉS de recomprimir y verificar,true,
_originales/embudos/pareja/1786211331362-ntl5b.jpg,embudos,image,1.2,304,no hace falta: el vivo no se recomprime desde aquí (al ejecutar se mide su SSIM antes de borrar),false,
_originales/embudos/pareja/1786211424022-m5uhw.jpg,embudos,image,0.6,204,no hace falta: el vivo no se recomprime desde aquí (al ejecutar se mide su SSIM antes de borrar),false,
_originales/embudos/pareja/1786211453792-3vmqa.jpg,embudos,image,0.5,173,no hace falta: el vivo no se recomprime desde aquí (al ejecutar se mide su SSIM antes de borrar),false,
_originales/embudos/pareja/1786211459751-hrk7n.jpg,embudos,image,0.5,181,no hace falta: el vivo no se recomprime desde aquí (al ejecutar se mide su SSIM antes de borrar),false,
_originales/embudos/pareja/1786212397525-8o7xf.jpg,embudos,image,0.5,110,no hace falta: el vivo no se recomprime desde aquí (al ejecutar se mide su SSIM antes de borrar),false,
_originales/embudos/Parejas/1786201718004-ujys8.jpg,embudos,image,0.7,160,no hace falta: el vivo no se recomprime desde aquí (al ejecutar se mide su SSIM antes de borrar),false,
_originales/embudos/Parejas/1786201852359-52wav.jpg,embudos,image,0.8,169,no hace falta: el vivo no se recomprime desde aquí (al ejecutar se mide su SSIM antes de borrar),false,
_originales/embudos/Parejas/1786201880093-3us24.jpg,embudos,image,1.1,288,no hace falta: el vivo no se recomprime desde aquí (al ejecutar se mide su SSIM antes de borrar),false,
_originales/embudos/Parejas/1786201890235-lsvds.jpg,embudos,image,1.2,312,fuente de A3/A4: borrar DESPUÉS de recomprimir y verificar,true,
_originales/embudos/Parejas/1786201897473-wq4jk.jpg,embudos,image,1.2,300,fuente de A3/A4: borrar DESPUÉS de recomprimir y verificar,true,
_originales/embudos/Parejas/1786201904482-19bic.jpg,embudos,image,1,263,fuente de A3/A4: borrar DESPUÉS de recomprimir y verificar,true,
_originales/embudos/Parejas/1786201911532-d5emj.jpg,embudos,image,1.2,304,no hace falta: el vivo no se recomprime desde aquí (al ejecutar se mide su SSIM antes de borrar),false,
_originales/embudos/Parejas/1786202550704-ub757.jpg,embudos,image,0.5,113,no hace falta: el vivo no se recomprime desde aquí (al ejecutar se mide su SSIM antes de borrar),false,
_originales/embudos/Parejas/1786202903933-7g757.jpg,embudos,image,1.2,312,fuente de A3/A4: borrar DESPUÉS de recomprimir y verificar,true,
_originales/embudos/POLO TEXTURA/1786807315703-ktjmk.png,embudos,image,2.5,235,no hace falta: el vivo no se recomprime desde aquí (al ejecutar se mide su SSIM antes de borrar),false,
_originales/embudos/POLO TEXTURA/1786807334390-vgyp6.png,embudos,image,2.5,234,no hace falta: el vivo no se recomprime desde aquí (al ejecutar se mide su SSIM antes de borrar),false,
_originales/embudos/POLO TEXTURA/1786807375742-p3pl6.png,embudos,image,2.6,203,no hace falta: el vivo no se recomprime desde aquí (al ejecutar se mide su SSIM antes de borrar),false,
_originales/embudos/POLO TEXTURA/1786807400993-s28kt.jpg,embudos,image,0.8,171,no hace falta: el vivo no se recomprime desde aquí (al ejecutar se mide su SSIM antes de borrar),false,
_originales/embudos/polo-clasic/1787067904064-auikd.jpg,embudos,image,0.8,149,no hace falta: el vivo no se recomprime desde aquí (al ejecutar se mide su SSIM antes de borrar),false,
_originales/embudos/polo-clasic/1787067910426-s0zkl.jpg,embudos,image,1,189,no hace falta: el vivo no se recomprime desde aquí (al ejecutar se mide su SSIM antes de borrar),false,
_originales/embudos/polo-clasic/1787067991270-76yph.jpg,embudos,image,1,191,no hace falta: el vivo no se recomprime desde aquí (al ejecutar se mide su SSIM antes de borrar),false,
_originales/embudos/polo-clasic/1787068189920-51niw.jpg,embudos,image,0.6,97,no hace falta: el vivo no se recomprime desde aquí (al ejecutar se mide su SSIM antes de borrar),false,
_originales/embudos/polo-clasic/1787068346867-zwwpu.jpg,embudos,image,0.6,97,no hace falta: el vivo no se recomprime desde aquí (al ejecutar se mide su SSIM antes de borrar),false,
_originales/embudos/polo-clasic/1787068817695-qulzl.jpg,embudos,image,0.4,64,no hace falta: el vivo no se recomprime desde aquí (al ejecutar se mide su SSIM antes de borrar),false,
_originales/embudos/polo-clasic/1787068898962-m50t1.jpg,embudos,image,0.4,64,no hace falta: el vivo no se recomprime desde aquí (al ejecutar se mide su SSIM antes de borrar),false,
_originales/embudos/polo-clasic/1787068933824-o512l.jpg,embudos,image,0.4,64,no hace falta: el vivo no se recomprime desde aquí (al ejecutar se mide su SSIM antes de borrar),false,
_originales/embudos/polo-clasic/1787069724306-cq7sp.jpg,embudos,image,0.6,93,no hace falta: el vivo no se recomprime desde aquí (al ejecutar se mide su SSIM antes de borrar),false,
_originales/embudos/polo-textura-promo/1787926549758-ztzzp.png,embudos,image,2.5,234,no hace falta: el vivo no se recomprime desde aquí (al ejecutar se mide su SSIM antes de borrar),false,
_originales/embudos/polo-textura-promo/1787926561706-yas5r.png,embudos,image,2.5,235,no hace falta: el vivo no se recomprime desde aquí (al ejecutar se mide su SSIM antes de borrar),false,
_originales/embudos/polo-textura-promo/1787926580482-04kbo.png,embudos,image,2.3,202,no hace falta: el vivo no se recomprime desde aquí (al ejecutar se mide su SSIM antes de borrar),false,
_originales/embudos/polo-textura-promo/1787930581377-76w84.png,embudos,image,2.5,234,no hace falta: el vivo no se recomprime desde aquí (al ejecutar se mide su SSIM antes de borrar),false,
_originales/embudos/polo-textura-promo/1787930681946-sbees.png,embudos,image,2.5,235,no hace falta: el vivo no se recomprime desde aquí (al ejecutar se mide su SSIM antes de borrar),false,
_originales/embudos/polo-textura-promo/1787930700118-jw9zs.png,embudos,image,2.3,202,no hace falta: el vivo no se recomprime desde aquí (al ejecutar se mide su SSIM antes de borrar),false,
_originales/embudos/polo-textura-promo/1787972187886-tn32m.png,embudos,image,0.6,238,no hace falta: el vivo no se recomprime desde aquí (al ejecutar se mide su SSIM antes de borrar),false,
_originales/embudos/polo-textura-promo/1787972204240-y80jr.png,embudos,image,0.6,240,no hace falta: el vivo no se recomprime desde aquí (al ejecutar se mide su SSIM antes de borrar),false,
_originales/embudos/polo-textura-promo/1787972208246-ucy0z.png,embudos,image,0.5,210,no hace falta: el vivo no se recomprime desde aquí (al ejecutar se mide su SSIM antes de borrar),false,
_originales/embudos/polo-textura/1786811949167-t1avq.png,embudos,image,2.5,234,no hace falta: el vivo no se recomprime desde aquí (al ejecutar se mide su SSIM antes de borrar),false,
_originales/embudos/polo-textura/1786811996783-m0a2c.png,embudos,image,2.5,235,no hace falta: el vivo no se recomprime desde aquí (al ejecutar se mide su SSIM antes de borrar),false,
_originales/embudos/polo-textura/1786812046438-1l6ou.png,embudos,image,2.6,203,no hace falta: el vivo no se recomprime desde aquí (al ejecutar se mide su SSIM antes de borrar),false,
_originales/embudos/polo-textura/1786816319159-umds2.jpg,embudos,image,0.7,119,no hace falta: el vivo no se recomprime desde aquí (al ejecutar se mide su SSIM antes de borrar),false,
_originales/embudos/polo-textura/1786816551398-jpgdn.jpg,embudos,image,0.7,120,no hace falta: el vivo no se recomprime desde aquí (al ejecutar se mide su SSIM antes de borrar),false,
_originales/embudos/polo-textura/1786822106703-f2496.png,embudos,image,1.9,145,no hace falta: el vivo no se recomprime desde aquí (al ejecutar se mide su SSIM antes de borrar),false,
_originales/embudos/RED-BULL/1784610967639-wtpaf.jpg,embudos,image,1.2,120,no hace falta: el vivo no se recomprime desde aquí (al ejecutar se mide su SSIM antes de borrar),false,
_originales/embudos/red-bull/1784612905258-nudk9.jpg,embudos,image,0.8,146,no hace falta: el vivo no se recomprime desde aquí (al ejecutar se mide su SSIM antes de borrar),false,
_originales/embudos/remarketing/1787848667922-shxzm.webp,embudos,image,0.2,233,no hace falta: el vivo no se recomprime desde aquí (al ejecutar se mide su SSIM antes de borrar),false,
_originales/embudos/remarketing/1787857509194-ccymn.webp,embudos,image,0.2,233,no hace falta: el vivo no se recomprime desde aquí (al ejecutar se mide su SSIM antes de borrar),false,
_originales/embudos/remarketing/1787858228432-f98ey.webp,embudos,image,0.2,233,no hace falta: el vivo no se recomprime desde aquí (al ejecutar se mide su SSIM antes de borrar),false,
_originales/embudos/remarketing/1787858959707-ymu7p.webp,embudos,image,0.1,128,no hace falta: el vivo no se recomprime desde aquí (al ejecutar se mide su SSIM antes de borrar),false,
_originales/embudos/remarketing/1787859829984-mobiy.webp,embudos,image,0.1,128,no hace falta: el vivo no se recomprime desde aquí (al ejecutar se mide su SSIM antes de borrar),false,
_originales/embudos/remarketing/1787860300141-ykj56.webp,embudos,image,0.1,128,no hace falta: el vivo no se recomprime desde aquí (al ejecutar se mide su SSIM antes de borrar),false,
_originales/embudos/spiderman-tend-copia/1785899054298-xvvo7.jpg,embudos,image,0.9,176,no hace falta: el vivo no se recomprime desde aquí (al ejecutar se mide su SSIM antes de borrar),false,
_originales/embudos/spiderman-tend-copia/1785899059091-vtdj9.jpg,embudos,image,0.9,177,no hace falta: el vivo no se recomprime desde aquí (al ejecutar se mide su SSIM antes de borrar),false,
_originales/embudos/spiderman-tend-copia/1785899065258-37nbg.jpg,embudos,image,1,213,no hace falta: el vivo no se recomprime desde aquí (al ejecutar se mide su SSIM antes de borrar),false,
_originales/embudos/spiderman-tend-copia/1785899070329-q7l24.jpg,embudos,image,1,210,no hace falta: el vivo no se recomprime desde aquí (al ejecutar se mide su SSIM antes de borrar),false,
_originales/embudos/spiderman-tend-copia/1785899077821-beqxs.jpg,embudos,image,1.1,241,no hace falta: el vivo no se recomprime desde aquí (al ejecutar se mide su SSIM antes de borrar),false,
_originales/embudos/spiderman-tend-copia/1785899104026-t3c55.png,embudos,image,0.7,54,no hace falta: el vivo no se recomprime desde aquí (al ejecutar se mide su SSIM antes de borrar),false,
_originales/embudos/spiderman-tend-copia/1785899147502-975ho.jpg,embudos,image,0.5,104,no hace falta: el vivo no se recomprime desde aquí (al ejecutar se mide su SSIM antes de borrar),false,
_originales/embudos/spiderman-tend-copia/1785899176600-wlhtu.jpg,embudos,image,0.7,128,no hace falta: el vivo no se recomprime desde aquí (al ejecutar se mide su SSIM antes de borrar),false,
_originales/embudos/spiderman-tend-copia/1785899247021-6puhu.jpg,embudos,image,0.9,176,no hace falta: el vivo no se recomprime desde aquí (al ejecutar se mide su SSIM antes de borrar),false,
_originales/embudos/spiderman-tend-copia/1785899260654-9vba4.jpg,embudos,image,0.9,177,no hace falta: el vivo no se recomprime desde aquí (al ejecutar se mide su SSIM antes de borrar),false,
_originales/embudos/spiderman-tend-copia/1785899270904-yu6ps.jpg,embudos,image,1,213,no hace falta: el vivo no se recomprime desde aquí (al ejecutar se mide su SSIM antes de borrar),false,
_originales/embudos/spiderman-tend-copia/1785899279560-sl0of.jpg,embudos,image,1.1,241,no hace falta: el vivo no se recomprime desde aquí (al ejecutar se mide su SSIM antes de borrar),false,
_originales/embudos/spiderman-tend-copia/1785899289197-k0ruq.jpg,embudos,image,1,210,no hace falta: el vivo no se recomprime desde aquí (al ejecutar se mide su SSIM antes de borrar),false,
_originales/embudos/spiderman-tend-copia/1785899314026-b3v7k.jpg,embudos,image,1.2,227,no hace falta: el vivo no se recomprime desde aquí (al ejecutar se mide su SSIM antes de borrar),false,
_originales/embudos/spiderman-tend/1785815050061-haet1.jpg,embudos,image,0.3,139,no hace falta: el vivo no se recomprime desde aquí (al ejecutar se mide su SSIM antes de borrar),false,
_originales/embudos/spiderman-tend/1785815055321-sx56w.jpg,embudos,image,0.3,131,no hace falta: el vivo no se recomprime desde aquí (al ejecutar se mide su SSIM antes de borrar),false,
_originales/embudos/spiderman-tend/1785815371785-uuk90.jpg,embudos,image,0.7,119,no hace falta: el vivo no se recomprime desde aquí (al ejecutar se mide su SSIM antes de borrar),false,
_originales/embudos/spiderman-tend/1785816567247-u4m1w.jpg,embudos,image,1,189,no hace falta: el vivo no se recomprime desde aquí (al ejecutar se mide su SSIM antes de borrar),false,
_originales/embudos/spiderman-tend/1785816610476-mgzjb.jpg,embudos,image,0.8,153,no hace falta: el vivo no se recomprime desde aquí (al ejecutar se mide su SSIM antes de borrar),false,
_originales/embudos/spiderman-tend/1785816624515-r22n4.jpg,embudos,image,0.9,174,no hace falta: el vivo no se recomprime desde aquí (al ejecutar se mide su SSIM antes de borrar),false,
_originales/embudos/spiderman-tend/1785816637817-5b5wi.jpg,embudos,image,1.1,231,no hace falta: el vivo no se recomprime desde aquí (al ejecutar se mide su SSIM antes de borrar),false,
_originales/embudos/spiderman-tend/1785816830651-26srx.jpg,embudos,image,0.8,122,no hace falta: el vivo no se recomprime desde aquí (al ejecutar se mide su SSIM antes de borrar),false,
_originales/embudos/SPIDERMAN/1785509811043-bhqrp.jpg,embudos,image,1,189,no hace falta: el vivo no se recomprime desde aquí (al ejecutar se mide su SSIM antes de borrar),false,
_originales/embudos/SPIDERMAN/1785509817738-9862y.jpg,embudos,image,0.8,155,no hace falta: el vivo no se recomprime desde aquí (al ejecutar se mide su SSIM antes de borrar),false,
_originales/embudos/SPIDERMAN/1785509824011-gy3c9.jpg,embudos,image,0.9,174,no hace falta: el vivo no se recomprime desde aquí (al ejecutar se mide su SSIM antes de borrar),false,
_originales/embudos/SPIDERMAN/1785509833136-0lz7z.jpg,embudos,image,1.1,231,no hace falta: el vivo no se recomprime desde aquí (al ejecutar se mide su SSIM antes de borrar),false,
_originales/embudos/SPIDERMAN/1785509885169-k3qup.jpg,embudos,image,1,189,no hace falta: el vivo no se recomprime desde aquí (al ejecutar se mide su SSIM antes de borrar),false,
_originales/embudos/spiderman/1785510874297-7ba0y.jpg,embudos,image,1.1,202,no hace falta: el vivo no se recomprime desde aquí (al ejecutar se mide su SSIM antes de borrar),false,
_originales/embudos/spiderman/1785511346739-7uwfz.jpg,embudos,image,0.9,174,no hace falta: el vivo no se recomprime desde aquí (al ejecutar se mide su SSIM antes de borrar),false,
_originales/embudos/spiderman/1785511352124-zajgh.jpg,embudos,image,1,189,no hace falta: el vivo no se recomprime desde aquí (al ejecutar se mide su SSIM antes de borrar),false,
_originales/embudos/spiderman/1785511355390-gcemf.jpg,embudos,image,1.1,231,no hace falta: el vivo no se recomprime desde aquí (al ejecutar se mide su SSIM antes de borrar),false,
_originales/embudos/spiderman/1785511358901-dfifx.jpg,embudos,image,0.9,174,no hace falta: el vivo no se recomprime desde aquí (al ejecutar se mide su SSIM antes de borrar),false,
_originales/embudos/spiderman/1785511364146-kze1b.jpg,embudos,image,0.8,155,no hace falta: el vivo no se recomprime desde aquí (al ejecutar se mide su SSIM antes de borrar),false,
_originales/embudos/spiderman/1785511413096-r484s.jpg,embudos,image,1.1,204,no hace falta: el vivo no se recomprime desde aquí (al ejecutar se mide su SSIM antes de borrar),false,
_originales/embudos/spiderman/1785511428149-cp493.jpg,embudos,image,1.1,204,no hace falta: el vivo no se recomprime desde aquí (al ejecutar se mide su SSIM antes de borrar),false,
_originales/embudos/spiderman/1785511477687-dwj16.jpg,embudos,image,1,189,no hace falta: el vivo no se recomprime desde aquí (al ejecutar se mide su SSIM antes de borrar),false,
_originales/embudos/spiderman/1785511485309-6azbe.jpg,embudos,image,0.8,155,no hace falta: el vivo no se recomprime desde aquí (al ejecutar se mide su SSIM antes de borrar),false,
_originales/embudos/spiderman/1785511490826-r1s7b.jpg,embudos,image,0.9,174,no hace falta: el vivo no se recomprime desde aquí (al ejecutar se mide su SSIM antes de borrar),false,
_originales/embudos/spiderman/1785511496710-dxv9b.jpg,embudos,image,1.1,231,no hace falta: el vivo no se recomprime desde aquí (al ejecutar se mide su SSIM antes de borrar),false,
_originales/embudos/spiderman/1785511659784-otxzx.jpg,embudos,image,1,189,no hace falta: el vivo no se recomprime desde aquí (al ejecutar se mide su SSIM antes de borrar),false,
_originales/embudos/spiderman/1785511673709-vwrf7.jpg,embudos,image,0.8,155,no hace falta: el vivo no se recomprime desde aquí (al ejecutar se mide su SSIM antes de borrar),false,
_originales/embudos/spiderman/1785511688290-pa9ry.jpg,embudos,image,1.1,231,no hace falta: el vivo no se recomprime desde aquí (al ejecutar se mide su SSIM antes de borrar),false,
_originales/embudos/spiderman/1785511691942-hkp9v.jpg,embudos,image,0.9,174,no hace falta: el vivo no se recomprime desde aquí (al ejecutar se mide su SSIM antes de borrar),false,
_originales/embudos/spiderman/1785511696295-71tge.jpg,embudos,image,1.1,231,no hace falta: el vivo no se recomprime desde aquí (al ejecutar se mide su SSIM antes de borrar),false,
_originales/embudos/spiderman/1785511724154-l9u8m.jpg,embudos,image,1,189,no hace falta: el vivo no se recomprime desde aquí (al ejecutar se mide su SSIM antes de borrar),false,
_originales/embudos/spiderman/1785511727152-yywl1.jpg,embudos,image,0.8,155,no hace falta: el vivo no se recomprime desde aquí (al ejecutar se mide su SSIM antes de borrar),false,
_originales/embudos/spiderman/1785511730243-xr8c2.jpg,embudos,image,1.1,231,no hace falta: el vivo no se recomprime desde aquí (al ejecutar se mide su SSIM antes de borrar),false,
_originales/embudos/spiderman/1785511733342-2a6ej.jpg,embudos,image,0.9,174,no hace falta: el vivo no se recomprime desde aquí (al ejecutar se mide su SSIM antes de borrar),false,
_originales/embudos/spiderman/1785511799491-4wjdl.jpg,embudos,image,1.1,204,no hace falta: el vivo no se recomprime desde aquí (al ejecutar se mide su SSIM antes de borrar),false,
_originales/embudos/spiderman/1785511868328-jln4l.jpg,embudos,image,0.3,139,no hace falta: el vivo no se recomprime desde aquí (al ejecutar se mide su SSIM antes de borrar),false,
_originales/embudos/spiderman/1785513537577-vuhoj.jpg,embudos,image,0.3,131,no hace falta: el vivo no se recomprime desde aquí (al ejecutar se mide su SSIM antes de borrar),false,
_originales/embudos/spiderman/1785526099178-alct9.jpg,embudos,image,1,189,no hace falta: el vivo no se recomprime desde aquí (al ejecutar se mide su SSIM antes de borrar),false,
_originales/embudos/spiderman/1785526106286-d4zxg.jpg,embudos,image,0.8,155,no hace falta: el vivo no se recomprime desde aquí (al ejecutar se mide su SSIM antes de borrar),false,
_originales/embudos/spiderman/1785526111208-b5qih.jpg,embudos,image,1.1,231,no hace falta: el vivo no se recomprime desde aquí (al ejecutar se mide su SSIM antes de borrar),false,
_originales/embudos/toyota-racing/1785901457389-ovv8d.jpg,embudos,image,0.4,232,no hace falta: el vivo no se recomprime desde aquí (al ejecutar se mide su SSIM antes de borrar),false,
_originales/embudos/tribal/1787770362195-axw2h.jpg,embudos,image,0.8,158,no hace falta: el vivo no se recomprime desde aquí (al ejecutar se mide su SSIM antes de borrar),false,
_originales/embudos/tribal/1787770384253-ydh3d.jpg,embudos,image,0.3,166,no hace falta: el vivo no se recomprime desde aquí (al ejecutar se mide su SSIM antes de borrar),false,
_originales/embudos/tribal/1787770431020-79a58.jpg,embudos,image,0.3,165,no hace falta: el vivo no se recomprime desde aquí (al ejecutar se mide su SSIM antes de borrar),false,
_originales/embudos/tribal/1787770431700-ztuk9.jpg,embudos,image,0.3,133,no hace falta: el vivo no se recomprime desde aquí (al ejecutar se mide su SSIM antes de borrar),false,
_originales/embudos/tribal/1787770432714-4b2t8.jpg,embudos,image,0.3,156,no hace falta: el vivo no se recomprime desde aquí (al ejecutar se mide su SSIM antes de borrar),false,
_originales/embudos/tribal/1787770458701-n9nzh.jpg,embudos,image,0.6,126,no hace falta: el vivo no se recomprime desde aquí (al ejecutar se mide su SSIM antes de borrar),false,
_originales/embudos/tribal/1787771179707-u1gl6.png,embudos,image,2,134,no hace falta: el vivo no se recomprime desde aquí (al ejecutar se mide su SSIM antes de borrar),false,
_originales/embudos/tribal/1787771622753-dx624.jpg,embudos,image,0.8,154,no hace falta: el vivo no se recomprime desde aquí (al ejecutar se mide su SSIM antes de borrar),false,
_originales/embudos/tribal/1787772424513-suc5i.jpg,embudos,image,0.3,133,no hace falta: el vivo no se recomprime desde aquí (al ejecutar se mide su SSIM antes de borrar),false,
_originales/embudos/tribal/1787772454331-8npli.jpg,embudos,image,1.4,322,fuente de A3/A4: borrar DESPUÉS de recomprimir y verificar,true,
_originales/embudos/tribal/1787772461589-adwyw.jpg,embudos,image,0.9,235,no hace falta: el vivo no se recomprime desde aquí (al ejecutar se mide su SSIM antes de borrar),false,
_originales/embudos/tribal/1787772469488-5q590.jpg,embudos,image,0.9,192,no hace falta: el vivo no se recomprime desde aquí (al ejecutar se mide su SSIM antes de borrar),false,
_originales/embudos/tribal/1787772476575-muml7.jpg,embudos,image,1.1,251,fuente de A3/A4: borrar DESPUÉS de recomprimir y verificar,true,
_originales/embudos/tribal/1787772941235-c8amb.jpg,embudos,image,0.3,133,no hace falta: el vivo no se recomprime desde aquí (al ejecutar se mide su SSIM antes de borrar),false,
_originales/embudos/VOLKSWAGEN/1785963100789-24wqf.jpg,embudos,image,0.9,179,no hace falta: el vivo no se recomprime desde aquí (al ejecutar se mide su SSIM antes de borrar),false,
_originales/embudos/VOLKSWAGEN/1785963107651-0plzx.jpg,embudos,image,0.9,181,no hace falta: el vivo no se recomprime desde aquí (al ejecutar se mide su SSIM antes de borrar),false,
_originales/embudos/VOLKSWAGEN/1785963112606-q5cxr.jpg,embudos,image,1.1,245,no hace falta: el vivo no se recomprime desde aquí (al ejecutar se mide su SSIM antes de borrar),false,
_originales/embudos/VOLKSWAGEN/1785963119212-dp1qh.jpg,embudos,image,1.6,332,fuente de A3/A4: borrar DESPUÉS de recomprimir y verificar,true,
_originales/embudos/VOLKSWAGEN/1785963124075-lexqj.png,embudos,image,1.5,130,no hace falta: el vivo no se recomprime desde aquí (al ejecutar se mide su SSIM antes de borrar),false,
_originales/embudos/VOLKSWAGEN/1785963198710-h3h7v.jpg,embudos,image,0.9,125,no hace falta: el vivo no se recomprime desde aquí (al ejecutar se mide su SSIM antes de borrar),false,
_originales/embudos/VOLKSWAGEN/1785963260023-whnsa.jpg,embudos,image,0.9,179,no hace falta: el vivo no se recomprime desde aquí (al ejecutar se mide su SSIM antes de borrar),false,
_originales/embudos/VOLKSWAGEN/1785963343989-zcn54.jpg,embudos,image,0.9,181,no hace falta: el vivo no se recomprime desde aquí (al ejecutar se mide su SSIM antes de borrar),false,
_originales/embudos/VOLKSWAGEN/1785963355352-1uat4.jpg,embudos,image,1.1,245,no hace falta: el vivo no se recomprime desde aquí (al ejecutar se mide su SSIM antes de borrar),false,
_originales/embudos/VOLKSWAGEN/1785963370614-ws8nm.jpg,embudos,image,1.6,332,fuente de A3/A4: borrar DESPUÉS de recomprimir y verificar,true,
_originales/embudos/VOLKSWAGEN/1785963394187-cmunm.png,embudos,image,1.5,130,no hace falta: el vivo no se recomprime desde aquí (al ejecutar se mide su SSIM antes de borrar),false,
_originales/embudos/VOLKSWAGEN/1785963637022-sgjba.jpg,embudos,image,1,183,no hace falta: el vivo no se recomprime desde aquí (al ejecutar se mide su SSIM antes de borrar),false,
_originales/embudos/volkswagen/1785989010760-t024o.jpg,embudos,image,1.6,332,fuente de A3/A4: borrar DESPUÉS de recomprimir y verificar,true,
_originales/embudos/volkswagen/1785989043494-alnbs.png,embudos,image,1.5,130,no hace falta: el vivo no se recomprime desde aquí (al ejecutar se mide su SSIM antes de borrar),false,
_originales/packs/AZUL-OSCURO-REDBULL__BLANCO-MARFIL-REDBULL__v2.jpg,packs,image,1.5,196,no hace falta: el vivo no se recomprime desde aquí (al ejecutar se mide su SSIM antes de borrar),false,
_originales/packs/AZUL-OSCURO-REDBULL__NEGRO-REDBULL__v2.jpg,packs,image,1.5,184,no hace falta: el vivo no se recomprime desde aquí (al ejecutar se mide su SSIM antes de borrar),false,
_originales/packs/AZUL-RED-BULL__BLANCO-MARFIL-RED-BULL__v2.jpg,packs,image,1.5,196,no hace falta: el vivo no se recomprime desde aquí (al ejecutar se mide su SSIM antes de borrar),false,
_originales/packs/AZUL-RED-BULL__NEGRO-RED-BULL__v2.jpg,packs,image,1.5,190,no hace falta: el vivo no se recomprime desde aquí (al ejecutar se mide su SSIM antes de borrar),false,
_originales/packs/AZUL-RED-BULL__ROJO-RED-BULL__v2.jpg,packs,image,1.7,202,no hace falta: el vivo no se recomprime desde aquí (al ejecutar se mide su SSIM antes de borrar),false,
_originales/packs/AZUL-REY-BUZO-MOTO-YAMAHA-REFLECTIVO__NEGRO-BUZO-MOTO-YAMAHA-REFLECTIVO__v2.jpg,packs,image,1.5,201,no hace falta: el vivo no se recomprime desde aquí (al ejecutar se mide su SSIM antes de borrar),false,
_originales/packs/BEIGE-BUZO-MOTO-HONDA-REFLECTIVO__NEGRO-BUZO-MOTO-HONDA-REFLECTIVO__ROJO-BUZO-MOTO-HONDA-REFLECTIVO__v2.jpg,packs,image,2.3,161,no hace falta: el vivo no se recomprime desde aquí (al ejecutar se mide su SSIM antes de borrar),false,
_originales/packs/BEIGE-BUZO-MOTO-HONDA-REFLECTIVO__NEGRO-BUZO-MOTO-HONDA-REFLECTIVO__v2.jpg,packs,image,1.5,207,no hace falta: el vivo no se recomprime desde aquí (al ejecutar se mide su SSIM antes de borrar),false,
_originales/packs/BEIGE-BUZO-MOTO-PULSAR-REFLECTIVO__NEGRO-BUZO-MOTO-PULSAR-REFLECTIVO__v2.jpg,packs,image,1.5,209,no hace falta: el vivo no se recomprime desde aquí (al ejecutar se mide su SSIM antes de borrar),false,
_originales/packs/BEIGE-MERCEDES-BENZ__BLANCO-MARFIL-MERCEDES-BENZ__v2.jpg,packs,image,1.5,214,no hace falta: el vivo no se recomprime desde aquí (al ejecutar se mide su SSIM antes de borrar),false,
_originales/packs/BEIGE-MERCEDES-BENZ-BLANCO-MARFIL-MERCEDES-BENZ-1__BEIGE-MERCEDES-BENZ-BLANCO-MARFIL-MERCEDES-BENZ-2__v2.jpg,packs,image,1.5,219,no hace falta: el vivo no se recomprime desde aquí (al ejecutar se mide su SSIM antes de borrar),false,
_originales/packs/BEIGE-RED-BULL__ROJO-RED-BULL__v2.jpg,packs,image,1.8,234,no hace falta: el vivo no se recomprime desde aquí (al ejecutar se mide su SSIM antes de borrar),false,
_originales/packs/BEIGE-RED-BULL-RED-BULL__NEGRO-RED-BULL-RED-BULL__ROJO-RED-BULL-RED-BULL__v2.jpg,packs,image,2.5,164,no hace falta: el vivo no se recomprime desde aquí (al ejecutar se mide su SSIM antes de borrar),false,
_originales/packs/BEIGE-REDBULL__NEGRO-REDBULL__v2.jpg,packs,image,1.6,220,no hace falta: el vivo no se recomprime desde aquí (al ejecutar se mide su SSIM antes de borrar),false,
_originales/packs/BLANCO-BUZO-MOTO-YAMAHA-REFLECTIVO__NEGRO-BUZO-MOTO-YAMAHA-REFLECTIVO__v2.jpg,packs,image,1.3,187,no hace falta: el vivo no se recomprime desde aquí (al ejecutar se mide su SSIM antes de borrar),false,
_originales/packs/BLANCO-BUZO-MOTO-YAMAHA-REFLECTIVO__ROJO-BUZO-MOTO-YAMAHA-REFLECTIVO__v2.jpg,packs,image,1.6,200,no hace falta: el vivo no se recomprime desde aquí (al ejecutar se mide su SSIM antes de borrar),false,
_originales/packs/BLANCO-MARFIL-FERRARI__NEGRO-FERRARI__v2.jpg,packs,image,1.4,180,no hace falta: el vivo no se recomprime desde aquí (al ejecutar se mide su SSIM antes de borrar),false,
_originales/packs/BLANCO-MARFIL-FERRARI__ROJO-FERRARI__v2.jpg,packs,image,1.5,204,no hace falta: el vivo no se recomprime desde aquí (al ejecutar se mide su SSIM antes de borrar),false,
_originales/packs/BLANCO-MARFIL-HONDA__ROJO-HONDA__v2.jpg,packs,image,1.5,199,no hace falta: el vivo no se recomprime desde aquí (al ejecutar se mide su SSIM antes de borrar),false,
_originales/packs/BLANCO-MARFIL-MERCEDES-BENZ__NEGRO-MERCEDES-BENZ__v2.jpg,packs,image,1.3,183,no hace falta: el vivo no se recomprime desde aquí (al ejecutar se mide su SSIM antes de borrar),false,
_originales/packs/BLANCO-MARFIL-MERCEDES-BENZ__ROJO-MERCEDES-BENZ__v2.jpg,packs,image,1.5,206,no hace falta: el vivo no se recomprime desde aquí (al ejecutar se mide su SSIM antes de borrar),false,
_originales/packs/BLANCO-MARFIL-MERCEDES-BENZ-ROJO-MERCEDES-BENZ-1__BLANCO-MARFIL-MERCEDES-BENZ-ROJO-MERCEDES-BENZ-2__v2.jpg,packs,image,1.5,211,no hace falta: el vivo no se recomprime desde aquí (al ejecutar se mide su SSIM antes de borrar),false,
_originales/packs/BLANCO-MARFIL-RED-BULL__NEGRO-RED-BULL__v2.jpg,packs,image,1.5,191,no hace falta: el vivo no se recomprime desde aquí (al ejecutar se mide su SSIM antes de borrar),false,
_originales/packs/BLANCO-MARFIL-REDBULL__NEGRO-REDBULL__v2.jpg,packs,image,1.5,191,no hace falta: el vivo no se recomprime desde aquí (al ejecutar se mide su SSIM antes de borrar),false,
_originales/packs/NEGRO-BUZO-MOTO-HONDA-REFLECTIVO__ROJO-BUZO-MOTO-HONDA-REFLECTIVO__v2.jpg,packs,image,1.5,200,no hace falta: el vivo no se recomprime desde aquí (al ejecutar se mide su SSIM antes de borrar),false,
_originales/packs/NEGRO-FERRARI__ROJO-FERRARI__v2.jpg,packs,image,1.5,195,no hace falta: el vivo no se recomprime desde aquí (al ejecutar se mide su SSIM antes de borrar),false,
_originales/packs/NEGRO-HONDA__ROJO-HONDA__v2.jpg,packs,image,1.5,194,no hace falta: el vivo no se recomprime desde aquí (al ejecutar se mide su SSIM antes de borrar),false,
_originales/packs/NEGRO-HONDA__ROJO-HONDA.jpg,packs,image,1.5,194,no hace falta: el vivo no se recomprime desde aquí (al ejecutar se mide su SSIM antes de borrar),false,
_originales/packs/NEGRO-MERCEDES-BENZ__ROJO-MERCEDES-BENZ__v2.jpg,packs,image,1.5,199,no hace falta: el vivo no se recomprime desde aquí (al ejecutar se mide su SSIM antes de borrar),false,
_originales/packs/NEGRO-MERCEDES-BENZ__ROJO-MERCEDES-BENZ.jpg,packs,image,1.7,221,no hace falta: el vivo no se recomprime desde aquí (al ejecutar se mide su SSIM antes de borrar),false,
_originales/packs/NEGRO-POLOS-CUELLO-NERU-NEGRO-POLOS-CUELLO-NERU-1__NEGRO-POLOS-CUELLO-NERU-NEGRO-POLOS-CUELLO-NERU-2__v2.jpg,packs,image,1.1,120,no hace falta: el vivo no se recomprime desde aquí (al ejecutar se mide su SSIM antes de borrar),false,
_originales/packs/NEGRO-RED-BULL__ROJO-RED-BULL__v2.jpg,packs,image,1.7,205,no hace falta: el vivo no se recomprime desde aquí (al ejecutar se mide su SSIM antes de borrar),false,
_originales/packs/NEGRO-REDBULL__ROJO-REDBULL__v2.jpg,packs,image,1.7,205,no hace falta: el vivo no se recomprime desde aquí (al ejecutar se mide su SSIM antes de borrar),false,
_originales/packs/NEGRO-REDBULL__ROJO-REDBULL.jpg,packs,image,1.6,205,no hace falta: el vivo no se recomprime desde aquí (al ejecutar se mide su SSIM antes de borrar),false,
_originales/packs/NEGRO-REDBULL__SELECCIONA-LA-ESCUDERIA-REDBULL__v2.jpg,packs,image,1.6,203,no hace falta: el vivo no se recomprime desde aquí (al ejecutar se mide su SSIM antes de borrar),false,
_originales/packs/NEGRO-TOYOTA__ROJO-TOYOTA__v2.jpg,packs,image,1.5,176,no hace falta: el vivo no se recomprime desde aquí (al ejecutar se mide su SSIM antes de borrar),false,
_originales/packs/NEGRO-TOYOTA__ROJO-TOYOTA.jpg,packs,image,1.5,172,no hace falta: el vivo no se recomprime desde aquí (al ejecutar se mide su SSIM antes de borrar),false,
_originales/packs/pack-11l86lc__v3.jpg,packs,image,1.4,189,no hace falta: el vivo no se recomprime desde aquí (al ejecutar se mide su SSIM antes de borrar),false,
_originales/packs/pack-14uok5r__v3.jpg,packs,image,1.5,187,no hace falta: el vivo no se recomprime desde aquí (al ejecutar se mide su SSIM antes de borrar),false,
_originales/packs/pack-155ptht__v3.jpg,packs,image,1.7,205,no hace falta: el vivo no se recomprime desde aquí (al ejecutar se mide su SSIM antes de borrar),false,
_originales/packs/pack-184jotd__v3.jpg,packs,image,1.3,191,no hace falta: el vivo no se recomprime desde aquí (al ejecutar se mide su SSIM antes de borrar),false,
_originales/packs/pack-1993jjp__v3.jpg,packs,image,1.3,176,no hace falta: el vivo no se recomprime desde aquí (al ejecutar se mide su SSIM antes de borrar),false,
_originales/packs/pack-19c66u1__v3.jpg,packs,image,1.5,189,no hace falta: el vivo no se recomprime desde aquí (al ejecutar se mide su SSIM antes de borrar),false,
_originales/packs/pack-1ef9mbj__v3.jpg,packs,image,1.3,178,no hace falta: el vivo no se recomprime desde aquí (al ejecutar se mide su SSIM antes de borrar),false,
_originales/packs/pack-1exzap9__v3.jpg,packs,image,1.2,151,no hace falta: el vivo no se recomprime desde aquí (al ejecutar se mide su SSIM antes de borrar),false,
_originales/packs/pack-1gywvz__v3.jpg,packs,image,1.6,187,no hace falta: el vivo no se recomprime desde aquí (al ejecutar se mide su SSIM antes de borrar),false,
_originales/packs/pack-1lfcjkh__v3.jpg,packs,image,1.7,204,no hace falta: el vivo no se recomprime desde aquí (al ejecutar se mide su SSIM antes de borrar),false,
_originales/packs/pack-1q9kx9__v3.jpg,packs,image,1.5,201,no hace falta: el vivo no se recomprime desde aquí (al ejecutar se mide su SSIM antes de borrar),false,
_originales/packs/pack-2hdekm__v3.jpg,packs,image,1.7,206,no hace falta: el vivo no se recomprime desde aquí (al ejecutar se mide su SSIM antes de borrar),false,
_originales/packs/pack-4x2k74__v3.jpg,packs,image,1.4,189,no hace falta: el vivo no se recomprime desde aquí (al ejecutar se mide su SSIM antes de borrar),false,
_originales/packs/pack-5rigq0__v3.jpg,packs,image,1.3,178,no hace falta: el vivo no se recomprime desde aquí (al ejecutar se mide su SSIM antes de borrar),false,
_originales/packs/pack-8evk2c__v3.jpg,packs,image,1.5,194,no hace falta: el vivo no se recomprime desde aquí (al ejecutar se mide su SSIM antes de borrar),false,
_originales/packs/pack-cezktv__v3.jpg,packs,image,1.4,182,no hace falta: el vivo no se recomprime desde aquí (al ejecutar se mide su SSIM antes de borrar),false,
_originales/packs/pack-d9kh2y__v3.jpg,packs,image,1.7,214,no hace falta: el vivo no se recomprime desde aquí (al ejecutar se mide su SSIM antes de borrar),false,
_originales/packs/pack-dfzgpp__v3.jpg,packs,image,1.6,224,no hace falta: el vivo no se recomprime desde aquí (al ejecutar se mide su SSIM antes de borrar),false,
_originales/packs/pack-ndnxhv__v3.jpg,packs,image,1.6,242,no hace falta: el vivo no se recomprime desde aquí (al ejecutar se mide su SSIM antes de borrar),false,
_originales/packs/pack-qivmop__v3.jpg,packs,image,2.4,134,no hace falta: el vivo no se recomprime desde aquí (al ejecutar se mide su SSIM antes de borrar),false,
_originales/packs/pack-twhgoj__v3.jpg,packs,image,1.6,217,no hace falta: el vivo no se recomprime desde aquí (al ejecutar se mide su SSIM antes de borrar),false,
_originales/packs/pack-u3b5yl__v3.jpg,packs,image,1.4,195,no hace falta: el vivo no se recomprime desde aquí (al ejecutar se mide su SSIM antes de borrar),false,
_originales/packs/pack-wbps3b__v3.jpg,packs,image,1.7,226,no hace falta: el vivo no se recomprime desde aquí (al ejecutar se mide su SSIM antes de borrar),false,
_originales/packs/PACK-X2-BUZO-MOTO-BMW-REFLECTIVO-1__PACK-X2-BUZO-MOTO-BMW-REFLECTIVO-2__v2.jpg,packs,image,1.3,171,no hace falta: el vivo no se recomprime desde aquí (al ejecutar se mide su SSIM antes de borrar),false,
_originales/packs/PACK-X2-BUZO-MOTO-HONDA-REFLECTIVO-1__PACK-X2-BUZO-MOTO-HONDA-REFLECTIVO-2__v2.jpg,packs,image,1.5,194,no hace falta: el vivo no se recomprime desde aquí (al ejecutar se mide su SSIM antes de borrar),false,
_originales/packs/PACK-X2-BUZO-MOTO-KTM-REFLECTIVO-BUZO-MOTO-BMW-REFLECTIVO-1__PACK-X2-BUZO-MOTO-KTM-REFLECTIVO-BUZO-MOTO-BMW-REFLECTIVO-2__v2.jpg,packs,image,1.5,191,no hace falta: el vivo no se recomprime desde aquí (al ejecutar se mide su SSIM antes de borrar),false,
_originales/packs/PACK-X2-BUZO-MOTO-KTM-REFLECTIVO-BUZO-MOTO-YAMAHA-REFLECTIVO-1__PACK-X2-BUZO-MOTO-KTM-REFLECTIVO-BUZO-MOTO-YAMAHA-REFLECTIVO-2__v2.jpg,packs,image,1.5,198,no hace falta: el vivo no se recomprime desde aquí (al ejecutar se mide su SSIM antes de borrar),false,
_originales/packs/PACK-X2-BUZO-MOTO-PULSAR-REFLECTIVO-1__PACK-X2-BUZO-MOTO-PULSAR-REFLECTIVO-2__v2.jpg,packs,image,1.5,194,no hace falta: el vivo no se recomprime desde aquí (al ejecutar se mide su SSIM antes de borrar),false,
_originales/packs/PACK-X2-BUZO-MOTO-SUZUKI-REFLECTIVO-1__PACK-X2-BUZO-MOTO-SUZUKI-REFLECTIVO-2__v2.jpg,packs,image,1.5,196,no hace falta: el vivo no se recomprime desde aquí (al ejecutar se mide su SSIM antes de borrar),false,
_originales/packs/PACK-X2-BUZO-MOTO-YAMAHA-REFLECTIVO-1__PACK-X2-BUZO-MOTO-YAMAHA-REFLECTIVO-2__v2.jpg,packs,image,1.5,211,no hace falta: el vivo no se recomprime desde aquí (al ejecutar se mide su SSIM antes de borrar),false,
_originales/packs/PACK-X2-ESCUDERIA-FERRARI-1__PACK-X2-ESCUDERIA-FERRARI-2__v2.jpg,packs,image,1.4,180,no hace falta: el vivo no se recomprime desde aquí (al ejecutar se mide su SSIM antes de borrar),false,
_originales/packs/PACK-X2-ESCUDERIA-FERRARI-ESCUDERIA-MCLAREN-1__PACK-X2-ESCUDERIA-FERRARI-ESCUDERIA-MCLAREN-2__v2.jpg,packs,image,1.3,178,no hace falta: el vivo no se recomprime desde aquí (al ejecutar se mide su SSIM antes de borrar),false,
_originales/packs/PACK-X2-ESCUDERIA-RED-BULL-ESCUDERIA-MERCEDES-BENZ-1__PACK-X2-ESCUDERIA-RED-BULL-ESCUDERIA-MERCEDES-BENZ-2__v2.jpg,packs,image,1.4,185,no hace falta: el vivo no se recomprime desde aquí (al ejecutar se mide su SSIM antes de borrar),false,
_originales/packs/PACK-X3-BUZO-MOTO-PULSAR-REFLECTIVO-1__PACK-X3-BUZO-MOTO-PULSAR-REFLECTIVO-2__PACK-X3-BUZO-MOTO-PULSAR-REFLECTIVO-3__v2.jpg,packs,image,2.1,148,no hace falta: el vivo no se recomprime desde aquí (al ejecutar se mide su SSIM antes de borrar),false,
_originales/packs/PAREJA-ABUELOS-UP-1__PAREJA-ABUELOS-UP-2__v2.jpg,packs,image,1.5,189,no hace falta: el vivo no se recomprime desde aquí (al ejecutar se mide su SSIM antes de borrar),false,
_originales/packs/PAREJA-CHIMUELO-1__PAREJA-CHIMUELO-2__v2.jpg,packs,image,1.3,168,no hace falta: el vivo no se recomprime desde aquí (al ejecutar se mide su SSIM antes de borrar),false,
_originales/packs/PAREJA-STITCH-1__PAREJA-STITCH-2__v2.jpg,packs,image,1.1,155,no hace falta: el vivo no se recomprime desde aquí (al ejecutar se mide su SSIM antes de borrar),false,
_originales/packs/ROJO-POLOS-TEXTURA-BLANCO-POLOS-TEXTURA-1__ROJO-POLOS-TEXTURA-BLANCO-POLOS-TEXTURA-2__v2.jpg,packs,image,1.6,192,no hace falta: el vivo no se recomprime desde aquí (al ejecutar se mide su SSIM antes de borrar),false,
_originales/packs/ROJO-POLOS-TEXTURA-VERDE-POLOS-TEXTURA-1__ROJO-POLOS-TEXTURA-VERDE-POLOS-TEXTURA-2__v2.jpg,packs,image,1.7,204,no hace falta: el vivo no se recomprime desde aquí (al ejecutar se mide su SSIM antes de borrar),false,
_originales/packs/VERDE-POLOS-TEXTURA-ROJO-POLOS-TEXTURA-1__VERDE-POLOS-TEXTURA-ROJO-POLOS-TEXTURA-2__v2.jpg,packs,image,1.7,205,no hace falta: el vivo no se recomprime desde aquí (al ejecutar se mide su SSIM antes de borrar),false,
