incluida,zona,bucket,ruta,tipo,fuente,kb_hoy,kb_nuevo,escalon,ssim_nuevo,ssim_hoy,cabe,ct_hoy,ct_nuevo,cache_hoy,motivo,usos
true,chat-saliente,chat-media,57320·····03/1784905640370-xu4md.png,foto-whatsapp,actual,3866,239,1920/q80,0.9838,,true,image/png,image/jpeg,"public, max-age=3600",cabe,messages.content
true,chat-saliente,chat-media,57320·····03/1785252781103-wn5j9.png,foto-whatsapp,actual,3866,239,1920/q80,0.9838,,true,image/png,image/jpeg,"public, max-age=3600",cabe,messages.content
true,chat-saliente,chat-media,57312·····32/1788461608199-e7e28.jpg,foto-whatsapp,actual,3723,336,rescate 1920/q75,0.9563,,false,image/jpeg,image/jpeg,"public, max-age=3600","no cabe sin bajar de SSIM 0,95: escalón más ligero que conserva la calidad",messages.content
true,chat-saliente,chat-media,57314·····65/1786222316227-c3soh.jpg,foto-whatsapp,actual,3723,336,rescate 1920/q75,0.9563,,false,image/jpeg,image/jpeg,"public, max-age=3600","no cabe sin bajar de SSIM 0,95: escalón más ligero que conserva la calidad",messages.content
true,chat-saliente,chat-media,57314·····77/1784997273122-qhzbs.jpg,foto-whatsapp,actual,3723,336,rescate 1920/q75,0.9563,,false,image/jpeg,image/jpeg,"public, max-age=3600","no cabe sin bajar de SSIM 0,95: escalón más ligero que conserva la calidad",messages.content
true,chat-saliente,chat-media,57315·····32/1787799831670-rj03v.jpg,foto-whatsapp,actual,3723,336,rescate 1920/q75,0.9563,,false,image/jpeg,image/jpeg,"public, max-age=3600","no cabe sin bajar de SSIM 0,95: escalón más ligero que conserva la calidad",messages.content
true,chat-saliente,chat-media,57319·····74/1787628248894-tlf9c.jpg,foto-whatsapp,actual,3723,336,rescate 1920/q75,0.9563,,false,image/jpeg,image/jpeg,"public, max-age=3600","no cabe sin bajar de SSIM 0,95: escalón más ligero que conserva la calidad",messages.content
true,chat-saliente,chat-media,57320·····80/1788040872863-rbtwc.jpg,foto-whatsapp,actual,3723,336,rescate 1920/q75,0.9563,,false,image/jpeg,image/jpeg,"public, max-age=3600","no cabe sin bajar de SSIM 0,95: escalón más ligero que conserva la calidad",messages.content
true,chat-saliente,chat-media,57315·····32/1787799841229-g10nc.jpg,foto-whatsapp,actual,3684,327,rescate 1920/q75,0.9562,,false,image/jpeg,image/jpeg,"public, max-age=3600","no cabe sin bajar de SSIM 0,95: escalón más ligero que conserva la calidad",messages.content
true,chat-saliente,chat-media,57322·····98/1788356713211-rjjg5.jpg,foto-whatsapp,actual,3684,327,rescate 1920/q75,0.9562,,false,image/jpeg,image/jpeg,"public, max-age=3600","no cabe sin bajar de SSIM 0,95: escalón más ligero que conserva la calidad",messages.content
true,chat-saliente,chat-media,57315·····32/1787799836434-qoydz.jpg,foto-whatsapp,actual,3594,318,rescate 1920/q75,0.9561,,false,image/jpeg,image/jpeg,"public, max-age=3600","no cabe sin bajar de SSIM 0,95: escalón más ligero que conserva la calidad",messages.content
true,chat-saliente,chat-media,57311·····18/1790219477208-zgd0z.jpg,foto-whatsapp,actual,3591,297,rescate 1920/q75,0.9504,,false,image/jpeg,image/jpeg,"public, max-age=3600","no cabe sin bajar de SSIM 0,95: escalón más ligero que conserva la calidad",messages.content
true,chat-saliente,chat-media,57314·····65/1786222306251-w5wry.jpg,foto-whatsapp,actual,3591,297,rescate 1920/q75,0.9504,,false,image/jpeg,image/jpeg,"public, max-age=3600","no cabe sin bajar de SSIM 0,95: escalón más ligero que conserva la calidad",messages.content
true,chat-saliente,chat-media,57315·····32/1787799846329-m55um.jpg,foto-whatsapp,actual,3591,297,rescate 1920/q75,0.9504,,false,image/jpeg,image/jpeg,"public, max-age=3600","no cabe sin bajar de SSIM 0,95: escalón más ligero que conserva la calidad",messages.content
true,chat-saliente,chat-media,57316·····13/1785385870343-05jn8.jpg,foto-whatsapp,actual,3591,297,rescate 1920/q75,0.9504,,false,image/jpeg,image/jpeg,"public, max-age=3600","no cabe sin bajar de SSIM 0,95: escalón más ligero que conserva la calidad",messages.content | messages.reply_to
true,chat-saliente,chat-media,57321·····85/1785984024703-m4ouc.jpg,foto-whatsapp,actual,3591,297,rescate 1920/q75,0.9504,,false,image/jpeg,image/jpeg,"public, max-age=3600","no cabe sin bajar de SSIM 0,95: escalón más ligero que conserva la calidad",messages.content
true,chat-saliente,chat-media,57322·····98/1788356727249-71e46.jpg,foto-whatsapp,actual,3591,297,rescate 1920/q75,0.9504,,false,image/jpeg,image/jpeg,"public, max-age=3600","no cabe sin bajar de SSIM 0,95: escalón más ligero que conserva la calidad",messages.content | messages.reply_to
true,catalogo-imagenes,catalogo-imagenes,1784341448592-st9c7ka31f.jpg,foto-whatsapp,actual,3591,297,rescate 1920/q75,0.9504,,false,image/jpeg,image/jpeg,"public, max-age=3600","no cabe sin bajar de SSIM 0,95: escalón más ligero que conserva la calidad",
true,catalogo-imagenes,catalogo-imagenes,1784341467006-p8i8i8126s8.jpg,foto-whatsapp,actual,3591,297,rescate 1920/q75,0.9504,,false,image/jpeg,image/jpeg,"public, max-age=3600","no cabe sin bajar de SSIM 0,95: escalón más ligero que conserva la calidad",
true,chat-saliente,chat-media,57321·····85/1786364380963-vspen.png,foto-whatsapp,actual,3428,186,1600/q75,0.9658,,true,image/png,image/jpeg,"public, max-age=3600",cabe,messages.content | messages.reply_to
true,chat-saliente,chat-media,57310·····05/1785697583097-f1ozb.jpg,foto-whatsapp,actual,3325,278,rescate 1920/q75,0.9561,,false,image/jpeg,image/jpeg,"public, max-age=3600","no cabe sin bajar de SSIM 0,95: escalón más ligero que conserva la calidad",messages.content
true,chat-saliente,chat-media,57311·····13/1790193568059-fg9uc.png,foto-whatsapp,actual,3117,192,1600/q75,0.9675,,true,image/png,image/jpeg,"public, max-age=3600",cabe,messages.content
true,chat-saliente,chat-media,57312·····39/1789321559957-xo9qv.png,foto-whatsapp,actual,3117,192,1600/q75,0.9675,,true,image/png,image/jpeg,"public, max-age=3600",cabe,messages.content
true,chat-saliente,chat-media,57314·····06/1790290715164-ln7nb.png,foto-whatsapp,actual,3117,192,1600/q75,0.9675,,true,image/png,image/jpeg,"public, max-age=3600",cabe,messages.content
true,chat-saliente,chat-media,57310·····28/1786997237915-8us5e.png,foto-whatsapp,actual,2949,219,1920/q85,0.9733,,true,image/png,image/jpeg,"public, max-age=3600",cabe,messages.content
true,chat-saliente,chat-media,57311·····45/1785962693572-kio41.png,grafico-texto,actual,2728,267,rescate 1920/q90/444,0.962,,true,image/png,image/jpeg,"public, max-age=3600",cabe como gráfico con texto (400 kB),messages.content
true,chat-saliente,chat-media,57315·····16/1785022919424-jnzdn.png,foto-whatsapp,actual,2709,232,1920/q85,0.9719,,true,image/png,image/jpeg,"public, max-age=3600",cabe,messages.content | messages.reply_to
true,chat-saliente,chat-media,57314·····84/1787845986810-nfpc4.png,foto-whatsapp,actual,2687,193,1920/q85,0.9741,,true,image/png,image/jpeg,"public, max-age=3600",cabe,messages.content
true,chat-saliente,chat-media,57322·····24/1784682197238-slsz4.png,foto-whatsapp,actual,2664,191,1920/q85,0.9688,,true,image/png,image/jpeg,"public, max-age=3600",cabe,messages.content
true,chat-saliente,chat-media,57321·····74/1786049326446-viirf.png,foto-whatsapp,actual,2664,191,1920/q85,0.9688,,true,image/png,image/jpeg,"public, max-age=3600",cabe,messages.content
true,chat-saliente,chat-media,57323·····03/1787711277143-4atyy.png,foto-whatsapp,actual,2658,226,1920/q85,0.9703,,true,image/png,image/jpeg,"public, max-age=3600",cabe,messages.content
true,embudos,chat-media,embudos/promociones/1790026879262-iebwh.png,grafico-texto,actual,2657,370,rescate 1920/q90/444,0.9652,,true,image/png,image/jpeg,"public, max-age=3600",cabe como gráfico con texto (400 kB),
true,chat-saliente,chat-media,57311·····66/1785676584324-pyh1o.png,foto-whatsapp,actual,2640,245,1920/q85,0.9693,,true,image/png,image/jpeg,"public, max-age=3600",cabe,messages.content
true,chat-saliente,chat-media,57321·····46/1787922760015-jxfyw.png,foto-whatsapp,actual,2627,226,1920/q85,0.9714,,true,image/png,image/jpeg,"public, max-age=3600",cabe,messages.content
true,catalogo-imagenes,catalogo-imagenes,1786809889994-56kf2depjxg.png,grafico-texto,actual,2622,287,rescate 1920/q90/444,0.962,,true,image/png,image/jpeg,"public, max-age=3600",cabe como gráfico con texto (400 kB),catalogo_colores.url_original
true,chat-saliente,chat-media,57320·····55/1786478972640-v61n9.png,foto-whatsapp,actual,2611,170,1920/q85,0.9511,,true,image/png,image/jpeg,"public, max-age=3600",cabe,messages.content
true,chat-saliente,chat-media,57302·····20/1787695650499-qfuo5.png,foto-whatsapp,actual,2607,189,1920/q85,0.9676,,true,image/png,image/jpeg,"public, max-age=3600",cabe,messages.content
true,chat-saliente,chat-media,57314·····96/1785847827925-v8suf.png,foto-whatsapp,actual,2598,225,1920/q85,0.9708,,true,image/png,image/jpeg,"public, max-age=3600",cabe,messages.content
true,chat-saliente,chat-media,57311·····35/1787705568718-owtat.png,foto-whatsapp,actual,2583,218,1920/q85,0.9719,,true,image/png,image/jpeg,"public, max-age=3600",cabe,messages.content
true,chat-saliente,chat-media,57320·····03/1787052928184-agx10.png,foto-whatsapp,actual,2583,218,1920/q85,0.9719,,true,image/png,image/jpeg,"public, max-age=3600",cabe,messages.content
true,chat-saliente,chat-media,57322·····50/1786905391755-0al3u.png,foto-whatsapp,actual,2580,222,1920/q85,0.972,,true,image/png,image/jpeg,"public, max-age=3600",cabe,messages.content
true,chat-saliente,chat-media,57322·····50/1786999009353-9yeve.png,foto-whatsapp,actual,2580,222,1920/q85,0.972,,true,image/png,image/jpeg,"public, max-age=3600",cabe,messages.content
true,chat-saliente,chat-media,57322·····50/1786999063071-7ntj9.png,foto-whatsapp,actual,2580,222,1920/q85,0.972,,true,image/png,image/jpeg,"public, max-age=3600",cabe,messages.content
true,chat-saliente,chat-media,57317·····27/1787103787924-aybvk.png,grafico-texto,actual,2555,369,rescate 1920/q90/444,0.9667,,true,image/png,image/jpeg,"public, max-age=3600",cabe como gráfico con texto (400 kB),messages.content
true,catalogo-imagenes,catalogo-imagenes,1786809841329-ki0cqvk5tg.png,grafico-texto,actual,2555,369,rescate 1920/q90/444,0.9667,,true,image/png,image/jpeg,"public, max-age=3600",cabe como gráfico con texto (400 kB),catalogo_colores.url_original
true,chat-saliente,chat-media,57317·····27/1787103792209-u599f.png,grafico-texto,actual,2534,380,rescate 1920/q90/444,0.9644,,true,image/png,image/jpeg,"public, max-age=3600",cabe como gráfico con texto (400 kB),messages.content
true,catalogo-imagenes,catalogo-imagenes,1786808861387-cup4l208yvj.png,grafico-texto,actual,2534,380,rescate 1920/q90/444,0.9644,,true,image/png,image/jpeg,"public, max-age=3600",cabe como gráfico con texto (400 kB),catalogo_colores.url_original
true,chat-saliente,chat-media,57312·····15/1786151771194-rlw4j.png,foto-whatsapp,actual,2437,182,1920/q85,0.974,,true,image/png,image/jpeg,"public, max-age=3600",cabe,messages.content | messages.reply_to
true,chat-saliente,chat-media,57314·····35/1785440695236-213xs.png,foto-whatsapp,actual,2408,194,1920/q85,0.9737,,true,image/png,image/jpeg,"public, max-age=3600",cabe,messages.content
true,chat-saliente,chat-media,57314·····35/1785441084821-kk5f3.png,foto-whatsapp,actual,2408,194,1920/q85,0.9737,,true,image/png,image/jpeg,"public, max-age=3600",cabe,messages.content
true,embudos,chat-media,embudos/remarketing/1790262202576-5orgx.png,foto-web,actual,2399,235,1920/q75,0.9614,,true,image/png,image/jpeg,"public, max-age=3600",cabe,
true,chat-saliente,chat-media,57321·····74/1789826494411-c4i1v.png,foto-whatsapp,actual,2396,169,1920/q85,0.9723,,true,image/png,image/jpeg,"public, max-age=3600",cabe,messages.content
true,embudos,chat-media,embudos/remarketing/1790347176642-wn9gd.png,foto-web,actual,2395,236,1920/q75,0.9604,,true,image/png,image/jpeg,"public, max-age=3600",cabe,messages.content
true,embudos,chat-media,embudos/remarketing/1790363874092-ge9mg.png,foto-web,actual,2395,236,1920/q75,0.9604,,true,image/png,image/jpeg,"public, max-age=3600",cabe,messages.content
true,chat-saliente,chat-media,57317·····27/1787103782050-9zjmw.png,grafico-texto,actual,2394,287,rescate 1920/q90/444,0.9619,,true,image/png,image/jpeg,"public, max-age=3600",cabe como gráfico con texto (400 kB),messages.content
true,chat-saliente,chat-media,57311·····93/1785849410485-wjg2w.png,foto-whatsapp,actual,2391,186,1920/q85,0.9715,,true,image/png,image/jpeg,"public, max-age=3600",cabe,messages.content
true,chat-saliente,chat-media,57322·····73/1785891777145-fnc1t.png,foto-whatsapp,actual,2383,188,1920/q85,0.9717,,true,image/png,image/jpeg,"public, max-age=3600",cabe,messages.content
true,chat-saliente,chat-media,57324·····42/1786145720002-3u24m.png,foto-whatsapp,actual,2383,188,1920/q85,0.9717,,true,image/png,image/jpeg,"public, max-age=3600",cabe,messages.content
true,chat-saliente,chat-media,57323·····40/1785169684952-klyot.png,foto-whatsapp,actual,2370,185,1920/q85,0.9715,,true,image/png,image/jpeg,"public, max-age=3600",cabe,messages.content | messages.reply_to
true,chat-saliente,chat-media,57320·····02/1789826600568-9dq9m.png,foto-whatsapp,actual,2336,186,1920/q85,0.9725,,true,image/png,image/jpeg,"public, max-age=3600",cabe,messages.content
true,chat-saliente,chat-media,57310·····38/1784904515064-i9fir.png,foto-whatsapp,actual,2326,182,1920/q85,0.9722,,true,image/png,image/jpeg,"public, max-age=3600",cabe,messages.content
true,chat-saliente,chat-media,57302·····20/1788566607386-xkhpj.png,foto-whatsapp,actual,2258,120,1920/q85,0.9724,,true,image/png,image/jpeg,"public, max-age=3600",cabe,messages.content | messages.reply_to
true,chat-saliente,chat-media,57320·····15/1790260351091-gk455.png,foto-whatsapp,actual,2207,197,1920/q85,0.9801,,true,image/png,image/jpeg,"public, max-age=3600",cabe,messages.content
true,chat-saliente,chat-media,57314·····96/1785883902736-e4nbf.png,foto-whatsapp,actual,2176,216,1920/q85,0.9729,,true,image/png,image/jpeg,"public, max-age=3600",cabe,messages.content
true,chat-saliente,chat-media,57314·····96/1785937972159-8yf8s.png,foto-whatsapp,actual,2176,216,1920/q85,0.9729,,true,image/png,image/jpeg,"public, max-age=3600",cabe,messages.content
true,chat-saliente,chat-media,57312·····46/1785440784150-ncypq.png,foto-whatsapp,actual,2161,165,1920/q85,0.9762,,true,image/png,image/jpeg,"public, max-age=3600",cabe,messages.content
true,chat-saliente,chat-media,57315·····16/1785338098506-5931a.png,grafico-texto,actual,2143,361,rescate 1920/q90/444,0.9787,,true,image/png,image/jpeg,"public, max-age=3600",cabe como gráfico con texto (400 kB),messages.content | messages.reply_to
true,chat-saliente,chat-media,57317·····25/1788207933585-ewd1x.png,foto-whatsapp,actual,2115,231,1920/q85,0.9925,,true,image/png,image/jpeg,"public, max-age=3600",cabe,messages.content
true,chat-saliente,chat-media,57312·····26/1789730305917-vehda.png,foto-whatsapp,actual,2075,203,1920/q85,0.9775,,true,image/png,image/jpeg,"public, max-age=3600",cabe,messages.content
true,chat-saliente,chat-media,57301·····88/1789780123417-vy6h6.png,foto-whatsapp,actual,2074,203,1920/q85,0.9775,,true,image/png,image/jpeg,"public, max-age=3600",cabe,messages.content
true,chat-saliente,chat-media,57320·····15/1790260353800-da338.png,foto-whatsapp,actual,2074,203,1920/q85,0.9775,,true,image/png,image/jpeg,"public, max-age=3600",cabe,messages.content
true,chat-saliente,chat-media,57318·····99/1784991907748-vluu2.png,foto-whatsapp,actual,2053,227,1920/q85,0.9712,,true,image/png,image/jpeg,"public, max-age=3600",cabe,messages.content
true,chat-saliente,chat-media,57318·····99/1784991994225-e6103.png,foto-whatsapp,actual,2053,227,1920/q85,0.9712,,true,image/png,image/jpeg,"public, max-age=3600",cabe,messages.content
true,chat-saliente,chat-media,57316·····91/1784755776213-o8q5f.png,foto-whatsapp,actual,2033,215,1920/q85,0.9946,,true,image/png,image/jpeg,"public, max-age=3600",cabe,
true,chat-saliente,chat-media,57301·····24/1785013265781-0g0fg.jpg,foto-whatsapp,actual,2016,225,1440/q75,0.9529,,true,image/jpeg,image/jpeg,"public, max-age=3600",cabe,messages.content
true,catalogo-imagenes,catalogo-imagenes,1784340205534-zs7pv6rspb.jpg,foto-whatsapp,actual,2016,225,1440/q75,0.9529,,true,image/jpeg,image/jpeg,"public, max-age=3600",cabe,clientes_funnelish.foto_producto | funnels.variantes | messages.content
true,catalogo-imagenes,catalogo-imagenes,1784394824279-69bges89853.jpg,foto-whatsapp,actual,2016,225,1440/q75,0.9529,,true,image/jpeg,image/jpeg,"public, max-age=3600",cabe,catalogo_colores.url_original | messages.content
true,catalogo-imagenes,catalogo-imagenes,1785256328065-feqvlzz1sy.jpg,foto-whatsapp,actual,2016,225,1440/q75,0.9529,,true,image/jpeg,image/jpeg,"public, max-age=3600",cabe,catalogo_colores.url_original
true,plantillas-images,plantillas-images,1784150053780-0kyee48h15fd.png,foto-whatsapp,actual,2010,136,1920/q85,0.9717,,true,image/png,image/jpeg,"public, max-age=3600",cabe,
true,embudos,chat-media,embudos/promociones/1790007126620-xkm3e.png,foto-web,actual,2005,138,1920/q85,0.9641,,true,image/png,image/jpeg,"public, max-age=3600",cabe,
true,chat-saliente,chat-media,57310·····43/1790364321088-gb0f9.png,foto-whatsapp,actual,1980,219,1920/q85,0.9987,,true,image/png,image/jpeg,"public, max-age=3600",cabe,messages.content
true,chat-saliente,chat-media,57310·····63/1785637583123-8a1ik.jpg,foto-whatsapp,actual,1973,243,1600/q75,0.9614,,true,image/jpeg,image/jpeg,"public, max-age=3600",cabe,messages.content
true,chat-saliente,chat-media,57324·····30/1785460890136-akbuf.jpg,foto-whatsapp,actual,1973,243,1600/q75,0.9614,,true,image/jpeg,image/jpeg,"public, max-age=3600",cabe,messages.content
true,catalogo-imagenes,catalogo-imagenes,1784340232487-4631snsu15v.jpg,foto-whatsapp,actual,1973,243,1600/q75,0.9614,,true,image/jpeg,image/jpeg,"public, max-age=3600",cabe,catalogo_colores.url_original | clientes_funnelish.foto_producto | funnels.variantes | messages.content
true,catalogo-imagenes,catalogo-imagenes,1784394655007-ug75lir8yma.jpg,foto-whatsapp,actual,1973,243,1600/q75,0.9614,,true,image/jpeg,image/jpeg,"public, max-age=3600",cabe,catalogo_colores.url_original | messages.content
true,chat-saliente,chat-media,57321·····07/1788962922626-nce2z.png,foto-whatsapp,actual,1948,231,1920/q80,0.9862,,true,image/png,image/jpeg,"public, max-age=3600",cabe,messages.content
true,chat-saliente,chat-media,57316·····91/1784594525029-iv3dm.png,foto-whatsapp,actual,1942,127,1920/q85,0.9753,,true,image/png,image/jpeg,"public, max-age=3600",cabe,
true,catalogo-imagenes,catalogo-imagenes,1785018778830-33u14ywmnoh.jpg,foto-whatsapp,actual,1887,208,1600/q75,0.9501,,true,image/jpeg,image/jpeg,"public, max-age=3600",cabe,catalogo_colores.url_original | funnels.variantes | messages.content
true,chat-saliente,chat-media,57323·····01/1785857989271-awvvo.png,foto-whatsapp,actual,1884,231,1920/q80,0.9862,,true,image/png,image/jpeg,"public, max-age=3600",cabe,messages.content
true,chat-saliente,chat-media,57323·····01/1785867229736-awut6.png,foto-whatsapp,actual,1884,231,1920/q80,0.9862,,true,image/png,image/jpeg,"public, max-age=3600",cabe,messages.content
true,chat-saliente,chat-media,57321·····07/1788896983660-oxm4u.png,foto-whatsapp,actual,1845,247,1920/q85,0.9996,,true,image/png,image/jpeg,"public, max-age=3600",cabe,messages.content
true,chat-saliente,chat-media,57314·····80/1787866573924-jxwpd.jpg,foto-whatsapp,actual,1802,372,rescate 1920/q85,0.9575,,false,image/jpeg,image/jpeg,"public, max-age=3600","no cabe sin bajar de SSIM 0,95: escalón más ligero que conserva la calidad",messages.content
true,chat-saliente,chat-media,57301·····40/1784644562840-v8kus.jpg,foto-whatsapp,actual,1752,198,1600/q75,0.9643,,true,image/jpeg,image/jpeg,"public, max-age=3600",cabe,messages.content
true,catalogo-imagenes,catalogo-imagenes,1784340013074-n88dg9ndrro.jpg,foto-whatsapp,actual,1752,198,1600/q75,0.9643,,true,image/jpeg,image/jpeg,"public, max-age=3600",cabe,
true,catalogo-imagenes,catalogo-imagenes,1784340156384-7pg43am30zd.jpg,foto-whatsapp,actual,1752,198,1600/q75,0.9643,,true,image/jpeg,image/jpeg,"public, max-age=3600",cabe,catalogo_colores.url_original | clientes_funnelish.foto_producto | funnels.variantes | messages.content
true,catalogo-imagenes,catalogo-imagenes,1784394737022-lz1nupt6xe.jpg,foto-whatsapp,actual,1752,198,1600/q75,0.9643,,true,image/jpeg,image/jpeg,"public, max-age=3600",cabe,catalogo_colores.url_original | clientes_funnelish.foto_producto | messages.content
true,chat-saliente,chat-media,57301·····40/1784644568905-1czmd.jpg,foto-whatsapp,actual,1745,203,1600/q75,0.965,,true,image/jpeg,image/jpeg,"public, max-age=3600",cabe,messages.content
true,chat-saliente,chat-media,57312·····32/1788461698157-1uncn.jpg,foto-whatsapp,actual,1745,203,1600/q75,0.965,,true,image/jpeg,image/jpeg,"public, max-age=3600",cabe,messages.content
true,chat-saliente,chat-media,57316·····13/1785385931229-ny1s9.jpg,foto-whatsapp,actual,1745,203,1600/q75,0.965,,true,image/jpeg,image/jpeg,"public, max-age=3600",cabe,messages.content | messages.reply_to
true,chat-saliente,chat-media,57322·····01/1784762565485-54tsp.jpg,foto-whatsapp,actual,1745,203,1600/q75,0.965,,true,image/jpeg,image/jpeg,"public, max-age=3600",cabe,messages.content
true,catalogo-imagenes,catalogo-imagenes,1784340146910-4vbq05gb3c.jpg,foto-whatsapp,actual,1745,203,1600/q75,0.965,,true,image/jpeg,image/jpeg,"public, max-age=3600",cabe,catalogo_colores.url_original | clientes_funnelish.foto_producto | funnels.variantes | messages.content
true,catalogo-imagenes,catalogo-imagenes,1784394672278-ogvrmm0q1j.jpg,foto-whatsapp,actual,1745,203,1600/q75,0.965,,true,image/jpeg,image/jpeg,"public, max-age=3600",cabe,catalogo_colores.url_original | clientes_funnelish.foto_producto | messages.content
true,chat-saliente,chat-media,57311·····18/1790219726452-l3chz.jpg,foto-whatsapp,actual,1738,196,1600/q75,0.9609,,true,image/jpeg,image/jpeg,"public, max-age=3600",cabe,messages.content
true,chat-saliente,chat-media,57301·····24/1785013233333-hljl6.jpg,foto-whatsapp,actual,1728,204,1600/q75,0.9677,,true,image/jpeg,image/jpeg,"public, max-age=3600",cabe,messages.content
true,catalogo-imagenes,catalogo-imagenes,1784340173405-y833yf6nux7.jpg,foto-whatsapp,actual,1728,204,1600/q75,0.9677,,true,image/jpeg,image/jpeg,"public, max-age=3600",cabe,catalogo_colores.url_original | clientes_funnelish.foto_producto | funnels.variantes | messages.content
true,catalogo-imagenes,catalogo-imagenes,1784394692027-yz93729d2fc.jpg,foto-whatsapp,actual,1728,204,1600/q75,0.9677,,true,image/jpeg,image/jpeg,"public, max-age=3600",cabe,catalogo_colores.url_original | messages.content
true,chat-saliente,chat-media,57301·····42/1784296590430-nyxt9.jpg,foto-whatsapp,actual,1693,246,1920/q75,0.9734,,true,image/jpeg,image/jpeg,"public, max-age=3600",cabe,
true,catalogo-imagenes,catalogo-imagenes,1784422101179-h04t0l499la.jpg,foto-whatsapp,actual,1693,246,1920/q75,0.9734,,true,image/jpeg,image/jpeg,"public, max-age=3600",cabe,catalogo_colores.url_original | messages.content
true,catalogo-imagenes,catalogo-imagenes,1785966726934-zj8mzezs2f.jpg,foto-whatsapp,actual,1650,223,1920/q75,0.9712,,true,image/jpeg,image/jpeg,"public, max-age=3600",cabe,catalogo_colores.url_original
true,catalogo,chat-media,catalogo/marcas/29c250c7-96e8-43d9-9695-2e3a6f9b8773-s2-vpflx3.jpg,foto-whatsapp,actual,1637,240,1920/q80,0.9714,,true,image/jpeg,image/jpeg,"public, max-age=3600",cabe,catalogo_colores.url_imagen | clientes_funnelish.foto_producto | messages.content | messages.reply_to
true,catalogo,chat-media,catalogo/marcas/29c250c7-96e8-43d9-9695-2e3a6f9b8773-s2-m6pcau.jpg,foto-whatsapp,actual,1636,239,1920/q80,0.9713,,true,image/jpeg,image/jpeg,"public, max-age=3600",cabe,
true,catalogo-imagenes,catalogo-imagenes,1784422276708-c4l0qh1l2sv.jpg,foto-whatsapp,actual,1631,227,1920/q75,0.9728,,true,image/jpeg,image/jpeg,"public, max-age=3600",cabe,catalogo_colores.url_original | messages.content
true,packs,chat-media,packs/pack-ghmvix__v3.jpg,foto-whatsapp,actual,1623,133,1920/q85,0.9714,,true,image/jpeg,image/jpeg,"public, max-age=3600",cabe,clientes_funnelish.foto_producto | messages.content
true,packs,chat-media,packs/pack-1o0ngux__v3.jpg,foto-whatsapp,actual,1622,133,1920/q85,0.9714,,true,image/jpeg,image/jpeg,"public, max-age=3600",cabe,clientes_funnelish.foto_producto | messages.content
true,catalogo-imagenes,catalogo-imagenes,1785966747955-3gk740nt3na.png,foto-whatsapp,actual,1585,130,1920/q85,0.9534,,true,image/png,image/jpeg,"public, max-age=3600",cabe,catalogo_colores.url_original
true,chat-saliente,chat-media,57317·····27/1788886980861-5sukp.png,foto-whatsapp,actual,1542,205,1920/q85,0.9998,,true,image/png,image/jpeg,"public, max-age=3600",cabe,messages.content
true,chat-saliente,chat-media,57314·····80/1787866569969-29i9x.jpg,foto-whatsapp,actual,1532,221,1920/q75,0.9522,,true,image/jpeg,image/jpeg,"public, max-age=3600",cabe,messages.content
true,chat-saliente,chat-media,57311·····18/1790219458037-1lceo.png,foto-whatsapp,actual,1524,187,1920/q85,0.9998,,true,image/png,image/jpeg,"public, max-age=3600",cabe,messages.content | messages.reply_to
true,chat-saliente,chat-media,57321·····81/1789830012886-lbc54.png,foto-whatsapp,actual,1524,187,1920/q85,0.9998,,true,image/png,image/jpeg,"public, max-age=3600",cabe,messages.content | messages.reply_to
true,chat-saliente,chat-media,57316·····47/1789008345964-xsphu.png,foto-whatsapp,actual,1521,126,1920/q85,0.9844,,true,image/png,image/jpeg,"public, max-age=3600",cabe,messages.content
true,chat-saliente,chat-media,57350·····02/1785454246380-4haoy.png,foto-whatsapp,actual,1507,196,1920/q85,0.9947,,true,image/png,image/jpeg,"public, max-age=3600",cabe,messages.content
true,packs,chat-media,packs/pack-ghz6wf__v3.jpg,foto-whatsapp,actual,1506,188,1920/q85,0.9657,,true,image/jpeg,image/jpeg,"public, max-age=3600",cabe,clientes_funnelish.foto_producto | messages.content
true,catalogo-imagenes,catalogo-imagenes,1787772160006-opik9lurcbi.jpg,foto-whatsapp,actual,1484,227,1920/q75,0.9793,,true,image/jpeg,image/jpeg,"public, max-age=3600",cabe,catalogo_colores.url_original
true,chat-saliente,chat-media,57321·····77/1785011537656-zials.png,foto-whatsapp,actual,1474,152,1920/q85,0.9929,,true,image/png,image/jpeg,"public, max-age=3600",cabe,messages.content
true,chat-saliente,chat-media,57320·····80/1788038522361-44cid.png,foto-whatsapp,actual,1471,112,1920/q85,0.9755,,true,image/png,image/jpeg,"public, max-age=3600",cabe,messages.content
true,catalogo-imagenes,catalogo-imagenes,1784512648469-lkuo5gulmmn.jpg,foto-whatsapp,actual,1467,213,1920/q75,0.9789,,true,image/jpeg,image/jpeg,"public, max-age=3600",cabe,catalogo_colores.url_original | messages.content
true,chat-saliente,chat-media,57304·····01/1790259729169-bkcdq.png,foto-whatsapp,actual,1465,188,1920/q85,0.9997,,true,image/png,image/jpeg,"public, max-age=3600",cabe,messages.content
true,chat-saliente,chat-media,57321·····77/1785778981365-gix27.png,foto-whatsapp,actual,1464,195,1920/q85,0.9945,,true,image/png,image/jpeg,"public, max-age=3600",cabe,messages.content
true,chat-saliente,chat-media,57314·····77/1784997277284-miq92.png,foto-whatsapp,actual,1463,111,1920/q85,0.9754,,true,image/png,image/jpeg,"public, max-age=3600",cabe,messages.content
true,chat-saliente,chat-media,57321·····85/1785984003397-51gin.jpg,grafico-texto,actual,1446,439,rescate 1920/q90/444,0.9614,,false,image/jpeg,image/jpeg,"public, max-age=3600","no cabe sin bajar de SSIM 0,95: escalón más ligero que conserva la calidad",messages.content
true,chat-saliente,chat-media,57315·····16/1785017293112-c5o5l.jpg,foto-whatsapp,actual,1444,207,1920/q75,0.973,,true,image/jpeg,image/jpeg,"public, max-age=3600",cabe,messages.content
true,chat-saliente,chat-media,57317·····90/1789180997873-f4okz.png,foto-whatsapp,actual,1434,187,1920/q85,0.9997,,true,image/png,image/jpeg,"public, max-age=3600",cabe,messages.content
true,chat-saliente,chat-media,57323·····55/1790355509869-xmz3n.png,foto-whatsapp,actual,1396,183,1920/q85,0.9997,,true,image/png,image/jpeg,"public, max-age=3600",cabe,messages.content
true,chat-saliente,chat-media,57323·····55/1790359352465-35pwu.png,foto-whatsapp,actual,1396,183,1920/q85,0.9997,,true,image/png,image/jpeg,"public, max-age=3600",cabe,messages.content
true,catalogo,chat-media,catalogo/marcas/8d7448ac-d53a-4410-b0aa-5e41b4c01318-s2-bph48u.jpg,foto-whatsapp,actual,1394,211,1920/q85,0.9702,,true,image/jpeg,image/jpeg,"public, max-age=3600",cabe,catalogo_colores.url_imagen | clientes_funnelish.foto_producto | messages.content
true,catalogo,chat-media,catalogo/marcas/17ce5a49-6214-447f-a941-aa0124db2608-178-s2-7qa6by.jpg,foto-whatsapp,actual,1386,212,1920/q85,0.9717,,true,image/jpeg,image/jpeg,"public, max-age=3600",cabe,catalogo_colores.url_imagen
true,chat-saliente,chat-media,57320·····02/1789781088606-ferjc.png,foto-whatsapp,actual,1373,145,1920/q85,0.9588,,true,image/png,image/jpeg,"public, max-age=3600",cabe,messages.content
true,chat-saliente,chat-media,57320·····02/1789781094566-6s42l.png,grafico-texto,actual,1362,255,rescate 1920/q90/444,0.9771,,true,image/png,image/jpeg,"public, max-age=3600",cabe como gráfico con texto (400 kB),messages.content
true,chat-saliente,chat-media,57311·····26/1787368958568-u84a0.png,grafico-texto,actual,1358,265,rescate 1920/q90/444,0.9593,,true,image/png,image/jpeg,"public, max-age=3600",cabe como gráfico con texto (400 kB),messages.content
true,catalogo,chat-media,catalogo/marcas/1196d12a-78a3-49a7-978c-786168a39207-s2-efe2uo.jpg,foto-whatsapp,actual,1358,242,1920/q85,0.9693,,true,image/jpeg,image/jpeg,"public, max-age=3600",cabe,catalogo_colores.url_imagen
true,packs,chat-media,packs/pack-bilk6b__v3.jpg,foto-whatsapp,actual,1337,169,1920/q85,0.9723,,true,image/jpeg,image/jpeg,"public, max-age=3600",cabe,clientes_funnelish.foto_producto | messages.content
true,catalogo,chat-media,catalogo/marcas/4375891c-0458-421e-aa65-5e0e56d398d0-s2-jhss3b.jpg,foto-whatsapp,actual,1324,209,1440/q75,0.9506,,true,image/jpeg,image/jpeg,"public, max-age=3600",cabe,catalogo_colores.url_imagen | clientes_funnelish.foto_producto | messages.content
true,catalogo,chat-media,catalogo/marcas/4375891c-0458-421e-aa65-5e0e56d398d0-s2-bkd62i.jpg,foto-whatsapp,actual,1324,208,1440/q75,0.9504,,true,image/jpeg,image/jpeg,"public, max-age=3600",cabe,
true,packs,chat-media,packs/pack-k6td15__v3.jpg,foto-whatsapp,actual,1320,233,1920/q85,0.9692,,true,image/jpeg,image/jpeg,"public, max-age=3600",cabe,clientes_funnelish.foto_producto | messages.content
true,chat-saliente,chat-media,57320·····80/1788041658715-2htlq.png,foto-whatsapp,actual,1302,101,1920/q85,0.9737,,true,image/png,image/jpeg,"public, max-age=3600",cabe,messages.content
true,packs,chat-media,packs/pack-1jpnxj5__v3.jpg,foto-whatsapp,actual,1274,216,1920/q85,0.9759,,true,image/jpeg,image/jpeg,"public, max-age=3600",cabe,messages.content
true,chat-saliente,chat-media,57320·····02/1789781113195-lbg0k.png,foto-whatsapp,actual,1242,125,1920/q85,0.9876,,true,image/png,image/jpeg,"public, max-age=3600",cabe,messages.content
true,chat-saliente,chat-media,57300·····69/1788553548029-6bhk2.png,foto-whatsapp,actual,1236,146,1920/q85,0.9843,,true,image/png,image/jpeg,"public, max-age=3600",cabe,messages.content
true,packs,chat-media,packs/pack-1yybods__v3.jpg,foto-whatsapp,actual,1200,205,1920/q85,0.9692,,true,image/jpeg,image/jpeg,"public, max-age=3600",cabe,clientes_funnelish.foto_producto | messages.content
true,catalogo-imagenes,catalogo-imagenes,1784396038708-33jic3sk7xb.jpg,grafico-texto,actual,1194,376,rescate 1920/q90/444,0.9654,,true,image/jpeg,image/jpeg,"public, max-age=3600",cabe como gráfico con texto (400 kB),
true,catalogo-imagenes,catalogo-imagenes,1784396054511-bw99ne274m.jpg,grafico-texto,actual,1194,376,rescate 1920/q90/444,0.9654,,true,image/jpeg,image/jpeg,"public, max-age=3600",cabe como gráfico con texto (400 kB),
true,chat-saliente,chat-media,57314·····98/1785691555008-zbe75.jpg,foto-whatsapp,actual,1183,191,1920/q85,0.9735,,true,image/jpeg,image/jpeg,"public, max-age=3600",cabe,messages.content
true,chat-saliente,chat-media,57310·····61/1787020500994-tfkeu.png,foto-whatsapp,actual,1176,114,1920/q85,0.9818,,true,image/png,image/jpeg,"public, max-age=3600",cabe,messages.content
true,catalogo-imagenes,catalogo-imagenes,1787713944580-k1tius6zv9o.jpg,foto-whatsapp,actual,1170,218,1920/q80,0.9543,,true,image/jpeg,image/jpeg,"public, max-age=3600",cabe,
true,catalogo-imagenes,catalogo-imagenes,1786025094590-84xjc2ag3m2.jpg,foto-whatsapp,actual,1159,212,1920/q80,0.9534,,true,image/jpeg,image/jpeg,"public, max-age=3600",cabe,catalogo_colores.url_original
true,plantillas,chat-media,plantillas/promo_amor_amistad_24h-1787843247047.jpg,foto-web,actual,1152,249,1920/q85,0.9729,,true,image/jpeg,image/jpeg,"public, max-age=3600",cabe,configuracion.valor
true,chat-saliente,chat-media,57310·····96/1785693895376-k2h32.jpg,foto-whatsapp,actual,1148,218,1920/q80,0.9573,,true,image/jpeg,image/jpeg,"public, max-age=3600",cabe,messages.content
true,catalogo-imagenes,catalogo-imagenes,1784395429692-pa5s8slwldp.jpg,foto-whatsapp,actual,1148,218,1920/q80,0.9573,,true,image/jpeg,image/jpeg,"public, max-age=3600",cabe,catalogo_colores.url_original | clientes_funnelish.foto_producto | messages.content
true,catalogo-imagenes,catalogo-imagenes,1784424985605-71mmqr5vap4.jpg,foto-whatsapp,actual,1148,218,1920/q80,0.9573,,true,image/jpeg,image/jpeg,"public, max-age=3600",cabe,catalogo_colores.url_original | funnels.variantes | messages.content
true,catalogo-imagenes,catalogo-imagenes,1784395614324-3f5kk0gxmnf.jpg,foto-whatsapp,actual,1147,215,1920/q80,0.9573,,true,image/jpeg,image/jpeg,"public, max-age=3600",cabe,catalogo_colores.url_original | messages.content
true,catalogo-imagenes,catalogo-imagenes,1784485629128-j7vgsgvblhp.jpg,foto-whatsapp,actual,1147,215,1920/q80,0.9573,,true,image/jpeg,image/jpeg,"public, max-age=3600",cabe,catalogo_colores.url_original | funnels.variantes | messages.content
true,chat-saliente,chat-media,57321·····46/1787882862154-en1zp.jpg,foto-whatsapp,actual,1144,238,1920/q85,0.9674,,true,image/jpeg,image/jpeg,"public, max-age=3600",cabe,messages.content
true,catalogo-imagenes,catalogo-imagenes,1784395189570-zxlgcge5ze.jpg,foto-whatsapp,actual,1144,238,1920/q85,0.9674,,true,image/jpeg,image/jpeg,"public, max-age=3600",cabe,
true,catalogo-imagenes,catalogo-imagenes,1784395275530-szz3059ozn.jpg,foto-whatsapp,actual,1144,238,1920/q85,0.9674,,true,image/jpeg,image/jpeg,"public, max-age=3600",cabe,messages.content
true,catalogo-imagenes,catalogo-imagenes,1784425217381-kazzru0cha.jpg,foto-whatsapp,actual,1144,238,1920/q85,0.9674,,true,image/jpeg,image/jpeg,"public, max-age=3600",cabe,catalogo_colores.url_original | funnels.variantes | messages.content
true,catalogo-imagenes,catalogo-imagenes,1784480152705-suyu9i4v4x.jpg,foto-whatsapp,actual,1144,238,1920/q85,0.9674,,true,image/jpeg,image/jpeg,"public, max-age=3600",cabe,catalogo_colores.url_original | messages.content
true,catalogo-imagenes,catalogo-imagenes,1785018676559-jsx4d77aajr.jpg,foto-whatsapp,actual,1143,215,1920/q80,0.9577,,true,image/jpeg,image/jpeg,"public, max-age=3600",cabe,catalogo_colores.url_original | funnels.variantes | messages.content
true,catalogo-imagenes,catalogo-imagenes,1785018743584-iqs52wbmvqi.jpg,foto-whatsapp,actual,1137,232,1920/q85,0.9687,,true,image/jpeg,image/jpeg,"public, max-age=3600",cabe,catalogo_colores.url_original | clientes_funnelish.foto_producto | funnels.variantes | messages.content
true,catalogo-imagenes,catalogo-imagenes,1784994413730-t8ld3rmyqnd.jpg,foto-whatsapp,actual,1132,233,1920/q85,0.9697,,true,image/jpeg,image/jpeg,"public, max-age=3600",cabe,catalogo_colores.url_original | clientes_funnelish.foto_producto | funnels.variantes | messages.content | messages.reply_to
true,catalogo-imagenes,catalogo-imagenes,1785019030607-9mtt4gnmf6l.jpg,foto-whatsapp,actual,1131,213,1920/q80,0.9581,,true,image/jpeg,image/jpeg,"public, max-age=3600",cabe,catalogo_colores.url_original | funnels.variantes | messages.content
true,chat-saliente,chat-media,57316·····91/1784594055705-gzo47.png,foto-whatsapp,actual,1128,119,1920/q85,0.991,,true,image/png,image/jpeg,"public, max-age=3600",cabe,
true,chat-saliente,chat-media,57316·····91/1784594057345-3gaik.png,foto-whatsapp,actual,1128,119,1920/q85,0.991,,true,image/png,image/jpeg,"public, max-age=3600",cabe,
true,catalogo-imagenes,catalogo-imagenes,1784395462407-gq046s4mc3.jpg,foto-whatsapp,actual,1128,211,1920/q80,0.9568,,true,image/jpeg,image/jpeg,"public, max-age=3600",cabe,catalogo_colores.url_original | messages.content
true,catalogo-imagenes,catalogo-imagenes,1784485111347-4srs6ek8kq9.jpg,foto-whatsapp,actual,1128,211,1920/q80,0.9568,,true,image/jpeg,image/jpeg,"public, max-age=3600",cabe,catalogo_colores.url_original | funnels.variantes
true,packs,chat-media,packs/pack-1vp44oz__v3.jpg,foto-whatsapp,actual,1128,232,1920/q85,0.9729,,true,image/jpeg,image/jpeg,"public, max-age=3600",cabe,messages.content
true,catalogo-imagenes,catalogo-imagenes,1784395649288-0f9zf15botq.jpg,foto-whatsapp,actual,1127,232,1920/q85,0.9676,,true,image/jpeg,image/jpeg,"public, max-age=3600",cabe,catalogo_colores.url_original | clientes_funnelish.foto_producto | messages.content | messages.reply_to
true,catalogo-imagenes,catalogo-imagenes,1784485678324-z9u3dq064en.jpg,foto-whatsapp,actual,1127,232,1920/q85,0.9676,,true,image/jpeg,image/jpeg,"public, max-age=3600",cabe,catalogo_colores.url_original | funnels.variantes | messages.content | messages.reply_to
true,chat-saliente,chat-media,57321·····38/1784579216158-uydhk.jpg,foto-whatsapp,actual,1125,229,1920/q85,0.9693,,true,image/jpeg,image/jpeg,"public, max-age=3600",cabe,messages.content
true,chat-saliente,chat-media,57323·····90/1786682957611-qtbpv.jpg,foto-whatsapp,actual,1125,229,1920/q85,0.9693,,true,image/jpeg,image/jpeg,"public, max-age=3600",cabe,messages.content
true,catalogo-imagenes,catalogo-imagenes,1784423500738-3pwkckj2p0s.jpg,foto-whatsapp,actual,1125,229,1920/q85,0.9693,,true,image/jpeg,image/jpeg,"public, max-age=3600",cabe,catalogo_colores.url_original | messages.content
true,catalogo-imagenes,catalogo-imagenes,1784995742913-kx315k7br3e.jpg,foto-whatsapp,actual,1125,229,1920/q85,0.9693,,true,image/jpeg,image/jpeg,"public, max-age=3600",cabe,catalogo_colores.url_original | clientes_funnelish.foto_producto | funnels.variantes | messages.content
true,plantillas-images,plantillas-images,1784169344054-qabzg9ql35f.jpg,foto-whatsapp,actual,1125,229,1920/q85,0.9693,,true,image/jpeg,image/jpeg,"public, max-age=3600",cabe,
true,catalogo-imagenes,catalogo-imagenes,1784994444872-9l5sfuwk6c9.jpg,foto-whatsapp,actual,1125,213,1920/q80,0.9581,,true,image/jpeg,image/jpeg,"public, max-age=3600",cabe,catalogo_colores.url_original | funnels.variantes | messages.content | messages.reply_to
true,catalogo-imagenes,catalogo-imagenes,1787772244880-pq103mnst9f.jpg,foto-whatsapp,actual,1125,208,1920/q80,0.9629,,true,image/jpeg,image/jpeg,"public, max-age=3600",cabe,catalogo_colores.url_original
true,catalogo-imagenes,catalogo-imagenes,1785018815225-4vdhjf6yxeu.jpg,foto-whatsapp,actual,1125,211,1920/q80,0.9576,,true,image/jpeg,image/jpeg,"public, max-age=3600",cabe,catalogo_colores.url_original | clientes_funnelish.foto_producto | funnels.variantes | messages.content
true,catalogo,chat-media,catalogo/marcas/8aec25f0-ddf5-4c9c-80b6-47e4d96071e5-s2-t257cp.jpg,foto-whatsapp,actual,1124,177,1920/q85,0.9723,,true,image/jpeg,image/jpeg,"public, max-age=3600",cabe,catalogo_colores.url_imagen | clientes_funnelish.foto_producto | messages.content
true,catalogo-imagenes,catalogo-imagenes,1784994361044-0aq9yts029zl.jpg,foto-whatsapp,actual,1124,235,1920/q85,0.9684,,true,image/jpeg,image/jpeg,"public, max-age=3600",cabe,catalogo_colores.url_original | clientes_funnelish.foto_producto | funnels.variantes | messages.content
true,catalogo-imagenes,catalogo-imagenes,1785265136260-1k3j868iqg8.jpg,foto-whatsapp,actual,1122,212,1920/q80,0.9577,,true,image/jpeg,image/jpeg,"public, max-age=3600",cabe,catalogo_colores.url_original | messages.content
true,catalogo-imagenes,catalogo-imagenes,1784423454398-nj5mfkg9r9.jpg,foto-whatsapp,actual,1122,211,1920/q80,0.9576,,true,image/jpeg,image/jpeg,"public, max-age=3600",cabe,catalogo_colores.url_original | messages.content
true,catalogo-imagenes,catalogo-imagenes,1784995809816-xn30kd5wcwl.jpg,foto-whatsapp,actual,1122,211,1920/q80,0.9576,,true,image/jpeg,image/jpeg,"public, max-age=3600",cabe,catalogo_colores.url_original | clientes_funnelish.foto_producto | funnels.variantes | messages.content
true,plantillas-images,plantillas-images,1784169401736-xq3cs4nacop.jpg,foto-whatsapp,actual,1122,211,1920/q80,0.9576,,true,image/jpeg,image/jpeg,"public, max-age=3600",cabe,
true,catalogo-imagenes,catalogo-imagenes,1785018864842-anr52ngeblt.jpg,foto-whatsapp,actual,1120,232,1920/q85,0.9682,,true,image/jpeg,image/jpeg,"public, max-age=3600",cabe,catalogo_colores.url_original | funnels.variantes | messages.content
true,chat-saliente,chat-media,57323·····90/1786682960784-8re0o.jpg,foto-whatsapp,actual,1116,231,1920/q85,0.9683,,true,image/jpeg,image/jpeg,"public, max-age=3600",cabe,messages.content
true,catalogo-imagenes,catalogo-imagenes,1784423379146-kijieqh6h2.jpg,foto-whatsapp,actual,1116,231,1920/q85,0.9683,,true,image/jpeg,image/jpeg,"public, max-age=3600",cabe,catalogo_colores.url_original | messages.content
true,catalogo-imagenes,catalogo-imagenes,1784995770299-s9e66dztvh.jpg,foto-whatsapp,actual,1116,231,1920/q85,0.9683,,true,image/jpeg,image/jpeg,"public, max-age=3600",cabe,catalogo_colores.url_original | clientes_funnelish.foto_producto | funnels.variantes | messages.content | messages.reply_to
true,plantillas-images,plantillas-images,1784150775717-ufmr433ba.jpg,foto-whatsapp,actual,1116,231,1920/q85,0.9683,,true,image/jpeg,image/jpeg,"public, max-age=3600",cabe,
true,packs,chat-media,packs/pack-2nm8qj__v3.jpg,foto-whatsapp,actual,1112,184,1920/q85,0.9728,,true,image/jpeg,image/jpeg,"public, max-age=3600",cabe,clientes_funnelish.foto_producto | messages.content
true,chat-saliente,chat-media,57304·····35/1785548492038-nwddj.jpg,foto-whatsapp,actual,1111,247,1920/q85,0.9691,,true,image/jpeg,image/jpeg,"public, max-age=3600",cabe,messages.content
true,catalogo-imagenes,catalogo-imagenes,1785018957796-fx88cj7w8o.jpg,foto-whatsapp,actual,1111,247,1920/q85,0.9691,,true,image/jpeg,image/jpeg,"public, max-age=3600",cabe,catalogo_colores.url_original | funnels.variantes
true,catalogo-imagenes,catalogo-imagenes,1784395500860-ow1j8i0ekpf.jpg,foto-whatsapp,actual,1110,227,1920/q85,0.9672,,true,image/jpeg,image/jpeg,"public, max-age=3600",cabe,catalogo_colores.url_original | messages.content
true,catalogo-imagenes,catalogo-imagenes,1784485191244-ptuz5775y1m.jpg,foto-whatsapp,actual,1110,227,1920/q85,0.9672,,true,image/jpeg,image/jpeg,"public, max-age=3600",cabe,catalogo_colores.url_original | funnels.variantes | messages.content
true,catalogo-imagenes,catalogo-imagenes,1786025019229-frouy2erfov.jpg,foto-whatsapp,actual,1110,215,1920/q85,0.9644,,true,image/jpeg,image/jpeg,"public, max-age=3600",cabe,catalogo_colores.url_original
true,catalogo-imagenes,catalogo-imagenes,1784993941258-o3n9qf4p5l.jpg,foto-whatsapp,actual,1109,236,1920/q85,0.9675,,true,image/jpeg,image/jpeg,"public, max-age=3600",cabe,catalogo_colores.url_original
true,catalogo-imagenes,catalogo-imagenes,1784998885351-o4j39fd7ia.jpg,foto-whatsapp,actual,1103,246,1920/q85,0.9695,,true,image/jpeg,image/jpeg,"public, max-age=3600",cabe,catalogo_colores.url_original | funnels.variantes | messages.content
true,chat-saliente,chat-media,57321·····61/1784996766294-r0dgr.jpg,foto-whatsapp,actual,1100,220,1920/q85,0.9745,,true,image/jpeg,image/jpeg,"public, max-age=3600",cabe,messages.content
true,chat-saliente,chat-media,57323·····77/1785116874773-k8qso.jpg,foto-whatsapp,actual,1100,220,1920/q85,0.9745,,true,image/jpeg,image/jpeg,"public, max-age=3600",cabe,messages.content
true,catalogo-imagenes,catalogo-imagenes,1784732741905-g0a38uaekip.jpg,foto-whatsapp,actual,1100,220,1920/q85,0.9745,,true,image/jpeg,image/jpeg,"public, max-age=3600",cabe,catalogo_colores.url_original | clientes_funnelish.foto_producto | messages.content
true,catalogo-imagenes,catalogo-imagenes,1786212913789-zbk4f4k2mq.jpg,foto-whatsapp,actual,1099,234,1920/q85,0.9689,,true,image/jpeg,image/jpeg,"public, max-age=3600",cabe,catalogo_colores.url_original
true,catalogo,chat-media,catalogo/marcas/7c8233a5-f86c-4f06-b8a9-96800c4d34af-s2-1hkps5.jpg,foto-whatsapp,actual,1097,227,1920/q80,0.9749,,true,image/jpeg,image/jpeg,"public, max-age=3600",cabe,catalogo_colores.url_imagen | clientes_funnelish.foto_producto | messages.content
true,catalogo-imagenes,catalogo-imagenes,1785265067740-3nlsbwvp0uk.jpg,foto-whatsapp,actual,1097,208,1920/q85,0.962,,true,image/jpeg,image/jpeg,"public, max-age=3600",cabe,catalogo_colores.url_original | messages.content
true,catalogo,chat-media,catalogo/marcas/7c8233a5-f86c-4f06-b8a9-96800c4d34af-s2-nziddq.jpg,foto-whatsapp,actual,1097,227,1920/q80,0.9748,,true,image/jpeg,image/jpeg,"public, max-age=3600",cabe,
true,catalogo-imagenes,catalogo-imagenes,1786210378931-4ell8ax0ift.jpg,foto-whatsapp,actual,1096,233,1920/q85,0.9689,,true,image/jpeg,image/jpeg,"public, max-age=3600",cabe,
true,catalogo-imagenes,catalogo-imagenes,1786212730334-5np711d7ylb.jpg,foto-whatsapp,actual,1096,233,1920/q85,0.9689,,true,image/jpeg,image/jpeg,"public, max-age=3600",cabe,catalogo_colores.url_original
true,catalogo-imagenes,catalogo-imagenes,1785966706777-ybju9gqnhqo.jpg,foto-whatsapp,actual,1096,245,1920/q85,0.9726,,true,image/jpeg,image/jpeg,"public, max-age=3600",cabe,catalogo_colores.url_original
true,catalogo-imagenes,catalogo-imagenes,1784998873780-4d312aqkf7a.jpg,foto-whatsapp,actual,1096,220,1920/q85,0.9693,,true,image/jpeg,image/jpeg,"public, max-age=3600",cabe,catalogo_colores.url_original | funnels.variantes | messages.content
true,catalogo-imagenes,catalogo-imagenes,1785510094533-ds0o93ovrto.jpg,foto-whatsapp,actual,1095,231,1920/q85,0.9675,,true,image/jpeg,image/jpeg,"public, max-age=3600",cabe,catalogo_colores.url_original
true,catalogo-imagenes,catalogo-imagenes,1786204438739-oibaqmppg7.jpg,foto-whatsapp,actual,1090,233,1920/q85,0.9687,,true,image/jpeg,image/jpeg,"public, max-age=3600",cabe,
true,catalogo-imagenes,catalogo-imagenes,1786204443916-ouaozcw5d4p.jpg,foto-whatsapp,actual,1090,233,1920/q85,0.9687,,true,image/jpeg,image/jpeg,"public, max-age=3600",cabe,catalogo_colores.url_original
true,catalogo-imagenes,catalogo-imagenes,1784395764275-qf738amgzih.jpg,foto-whatsapp,actual,1088,241,1920/q85,0.9723,,true,image/jpeg,image/jpeg,"public, max-age=3600",cabe,catalogo_colores.url_original
true,catalogo-imagenes,catalogo-imagenes,1784512699078-yg95yc4jws.jpg,foto-whatsapp,actual,1087,222,1920/q85,0.9718,,true,image/jpeg,image/jpeg,"public, max-age=3600",cabe,catalogo_colores.url_original | messages.content
true,chat-saliente,chat-media,57314·····18/1784256469293-63bem.jpg,foto-whatsapp,actual,1084,229,1920/q85,0.968,,true,image/jpeg,image/jpeg,"public, max-age=3600",cabe,
true,catalogo-imagenes,catalogo-imagenes,1784335490295-rblgip25xd.jpg,foto-whatsapp,actual,1084,229,1920/q85,0.968,,true,image/jpeg,image/jpeg,"public, max-age=3600",cabe,catalogo_colores.url_original
true,catalogo-imagenes,catalogo-imagenes,1788811566329-jedkakzmhjs.jpg,foto-whatsapp,actual,1084,221,1920/q85,0.9682,,true,image/jpeg,image/jpeg,"public, max-age=3600",cabe,catalogo_colores.url_original
true,catalogo-imagenes,catalogo-imagenes,1787713896016-6wktnsjljo.jpg,foto-whatsapp,actual,1083,199,1920/q85,0.9602,,true,image/jpeg,image/jpeg,"public, max-age=3600",cabe,
true,packs,chat-media,packs/pack-lqeval__v3.jpg,foto-whatsapp,actual,1082,201,1920/q85,0.9755,,true,image/jpeg,image/jpeg,"public, max-age=3600",cabe,clientes_funnelish.foto_producto | messages.content
true,packs,chat-media,packs/pack-12pnm45__v3.jpg,foto-whatsapp,actual,1080,200,1920/q85,0.9756,,true,image/jpeg,image/jpeg,"public, max-age=3600",cabe,clientes_funnelish.foto_producto | messages.content
true,chat-saliente,chat-media,57315·····16/1785017299381-c7pca.jpg,foto-whatsapp,actual,1080,237,1920/q85,0.9722,,true,image/jpeg,image/jpeg,"public, max-age=3600",cabe,messages.content
true,packs,chat-media,packs/pack-1vit9dn__v3.jpg,foto-whatsapp,actual,1078,187,1920/q85,0.9839,,true,image/jpeg,image/jpeg,"public, max-age=3600",cabe,clientes_funnelish.foto_producto | messages.content
true,catalogo-imagenes,catalogo-imagenes,1786204523660-lmp72utnfs.jpg,foto-whatsapp,actual,1076,227,1920/q85,0.9685,,true,image/jpeg,image/jpeg,"public, max-age=3600",cabe,catalogo_colores.url_original
true,embudos,chat-media,embudos/remarketing/1787865622387-lrmt6.png,foto-web,actual,1075,134,1920/q85,0.9707,,true,image/png,image/jpeg,"public, max-age=3600",cabe,
true,embudos,chat-media,embudos/remarketing/1787865759007-yfmdq.png,foto-web,actual,1075,134,1920/q85,0.9707,,true,image/png,image/jpeg,"public, max-age=3600",cabe,
true,catalogo-imagenes,catalogo-imagenes,1786210523612-3ocgqa3pv0m.jpg,foto-whatsapp,actual,1074,225,1920/q85,0.9684,,true,image/jpeg,image/jpeg,"public, max-age=3600",cabe,catalogo_colores.url_original
true,catalogo-imagenes,catalogo-imagenes,1784395753199-jbbwdtlxkdk.jpg,foto-whatsapp,actual,1073,213,1920/q85,0.9663,,true,image/jpeg,image/jpeg,"public, max-age=3600",cabe,catalogo_colores.url_original
true,catalogo,chat-media,catalogo/marcas/449e155d-f4c4-45d5-8fab-d92f007f8987-178-s2-t6d0d.jpg,foto-whatsapp,actual,1072,245,1920/q80,0.989,,true,image/jpeg,image/jpeg,"public, max-age=3600",cabe,catalogo_colores.url_imagen
true,catalogo-imagenes,catalogo-imagenes,1784334019331-8kxq0t15gvj.jpg,foto-whatsapp,actual,1060,208,1920/q85,0.9663,,true,image/jpeg,image/jpeg,"public, max-age=3600",cabe,
true,packs,chat-media,packs/pack-ovpzl9__v3.jpg,foto-whatsapp,actual,1050,194,1920/q85,0.9757,,true,image/jpeg,image/jpeg,"public, max-age=3600",cabe,clientes_funnelish.foto_producto | messages.content
true,catalogo-imagenes,catalogo-imagenes,1784395816094-0v1sdmiquwp.jpg,foto-whatsapp,actual,1044,210,1920/q85,0.9719,,true,image/jpeg,image/jpeg,"public, max-age=3600",cabe,catalogo_colores.url_original
true,catalogo,chat-media,catalogo/marcas/c4e78edb-6cd1-477c-a89c-020fd07cfff1-s2-xger19.jpg,foto-whatsapp,actual,1036,221,1920/q80,0.9719,,true,image/jpeg,image/jpeg,"public, max-age=3600",cabe,catalogo_colores.url_imagen | clientes_funnelish.foto_producto | messages.content | messages.reply_to
true,packs,chat-media,packs/pack-1fmvmo3__v3.jpg,foto-whatsapp,actual,1034,193,1920/q85,0.9707,,true,image/jpeg,image/jpeg,"public, max-age=3600",cabe,clientes_funnelish.foto_producto | messages.content
true,chat-saliente,chat-media,57315·····16/1785017296522-00lrw.jpg,foto-whatsapp,actual,1032,205,1920/q85,0.9718,,true,image/jpeg,image/jpeg,"public, max-age=3600",cabe,messages.content
true,packs,chat-media,packs/pack-ghn79n__v3.jpg,foto-whatsapp,actual,1031,189,1920/q85,0.9674,,true,image/jpeg,image/jpeg,"public, max-age=3600",cabe,clientes_funnelish.foto_producto | messages.content
true,chat-saliente,chat-media,57315·····16/1785017304985-dwvqq.jpg,foto-whatsapp,actual,1025,185,1920/q85,0.9606,,true,image/jpeg,image/jpeg,"public, max-age=3600",cabe,messages.content
true,chat-saliente,chat-media,57311·····18/1790219738247-fr3ac.jpg,foto-whatsapp,actual,1013,156,1920/q85,0.9542,,true,image/jpeg,image/jpeg,"public, max-age=3600",cabe,messages.content
true,catalogo-imagenes,catalogo-imagenes,1786212941758-mqqvjl4168g.jpg,foto-whatsapp,actual,1005,194,1920/q85,0.97,,true,image/jpeg,image/jpeg,"public, max-age=3600",cabe,catalogo_colores.url_original
true,catalogo-imagenes,catalogo-imagenes,1786210405178-3ttwztiv1r5.jpg,foto-whatsapp,actual,1003,194,1920/q85,0.9701,,true,image/jpeg,image/jpeg,"public, max-age=3600",cabe,
true,catalogo-imagenes,catalogo-imagenes,1786212767623-w1wpv81101g.jpg,foto-whatsapp,actual,1003,194,1920/q85,0.9701,,true,image/jpeg,image/jpeg,"public, max-age=3600",cabe,catalogo_colores.url_original
true,chat-saliente,chat-media,57301·····24/1785017193006-9ixi6.png,foto-whatsapp,actual,993,103,1920/q85,0.9819,,true,image/png,image/jpeg,"public, max-age=3600",cabe,messages.content
true,chat-saliente,chat-media,57318·····99/1785017629872-azdzw.png,foto-whatsapp,actual,993,103,1920/q85,0.9819,,true,image/png,image/jpeg,"public, max-age=3600",cabe,messages.content
true,chat-saliente,chat-media,57301·····24/1785013415621-cbcie.png,foto-whatsapp,actual,990,102,1920/q85,0.9819,,true,image/png,image/jpeg,"public, max-age=3600",cabe,messages.content
true,packs,chat-media,packs/pack-1ctory6__v3.jpg,foto-whatsapp,actual,977,202,1920/q85,0.9742,,true,image/jpeg,image/jpeg,"public, max-age=3600",cabe,clientes_funnelish.foto_producto | messages.content
true,catalogo-imagenes,catalogo-imagenes,1785509971031-pmi2m22dwqk.jpg,foto-whatsapp,actual,975,189,1920/q85,0.9723,,true,image/jpeg,image/jpeg,"public, max-age=3600",cabe,catalogo_colores.url_original
true,catalogo-imagenes,catalogo-imagenes,1786210555537-sk80ze6x02.jpg,foto-whatsapp,actual,974,184,1920/q85,0.9696,,true,image/jpeg,image/jpeg,"public, max-age=3600",cabe,catalogo_colores.url_original
true,chat-saliente,chat-media,57312·····41/1784587909690-hvpgv.png,foto-whatsapp,actual,970,77,1920/q85,0.9754,,true,image/png,image/jpeg,"public, max-age=3600",cabe,messages.content
true,catalogo-imagenes,catalogo-imagenes,1784512663364-wt42hhz6eh9.jpg,foto-whatsapp,actual,969,193,1920/q85,0.9713,,true,image/jpeg,image/jpeg,"public, max-age=3600",cabe,catalogo_colores.url_original
true,catalogo-imagenes,catalogo-imagenes,1785018989189-yt2q7i0545j.jpg,foto-whatsapp,actual,963,196,1920/q85,0.9717,,true,image/jpeg,image/jpeg,"public, max-age=3600",cabe,catalogo_colores.url_original | clientes_funnelish.foto_producto | funnels.variantes | messages.content
true,chat-saliente,chat-media,57324·····91/1788042374146-n3ruf.jpg,foto-whatsapp,actual,961,195,1920/q85,0.9706,,true,image/jpeg,image/jpeg,"public, max-age=3600",cabe,messages.content
true,catalogo-imagenes,catalogo-imagenes,1784395554241-19w2obplts6.jpg,foto-whatsapp,actual,961,195,1920/q85,0.9706,,true,image/jpeg,image/jpeg,"public, max-age=3600",cabe,catalogo_colores.url_original | clientes_funnelish.foto_producto | messages.content
true,catalogo-imagenes,catalogo-imagenes,1784485666961-hqcxkmhuyag.jpg,foto-whatsapp,actual,961,195,1920/q85,0.9706,,true,image/jpeg,image/jpeg,"public, max-age=3600",cabe,catalogo_colores.url_original | funnels.variantes | messages.content
true,chat-saliente,chat-media,57312·····41/1784587793414-w11kl.png,foto-whatsapp,actual,960,76,1920/q85,0.9747,,true,image/png,image/jpeg,"public, max-age=3600",cabe,messages.content
true,catalogo-imagenes,catalogo-imagenes,1786212877411-q5pyhj66m2.jpg,foto-whatsapp,actual,959,184,1920/q85,0.9713,,true,image/jpeg,image/jpeg,"public, max-age=3600",cabe,catalogo_colores.url_original
true,catalogo-imagenes,catalogo-imagenes,1784335479383-2myl6lg3c2s.jpg,foto-whatsapp,actual,959,189,1920/q85,0.9726,,true,image/jpeg,image/jpeg,"public, max-age=3600",cabe,catalogo_colores.url_original
true,chat-saliente,chat-media,57315·····32/1787799921669-ofw1z.jpg,foto-whatsapp,actual,958,192,1920/q85,0.9721,,true,image/jpeg,image/jpeg,"public, max-age=3600",cabe,messages.content
true,catalogo-imagenes,catalogo-imagenes,1786210348538-lq58vhifbpi.jpg,foto-whatsapp,actual,957,184,1920/q85,0.9714,,true,image/jpeg,image/jpeg,"public, max-age=3600",cabe,
true,catalogo-imagenes,catalogo-imagenes,1786212810803-mzz5hgzwf7q.jpg,foto-whatsapp,actual,957,184,1920/q85,0.9714,,true,image/jpeg,image/jpeg,"public, max-age=3600",cabe,catalogo_colores.url_original
true,catalogo-imagenes,catalogo-imagenes,1785018755445-ryqmcqx3kfp.jpg,foto-whatsapp,actual,956,197,1920/q85,0.9734,,true,image/jpeg,image/jpeg,"public, max-age=3600",cabe,catalogo_colores.url_original | funnels.variantes | messages.content
true,chat-saliente,chat-media,57310·····96/1785693899142-q9f29.jpg,foto-whatsapp,actual,952,198,1920/q85,0.9708,,true,image/jpeg,image/jpeg,"public, max-age=3600",cabe,messages.content
true,chat-saliente,chat-media,57310·····11/1785031440467-39ogi.jpg,foto-whatsapp,actual,952,198,1920/q85,0.9708,,true,image/jpeg,image/jpeg,"public, max-age=3600",cabe,messages.content
true,chat-saliente,chat-media,57312·····32/1788461679924-546rp.jpg,foto-whatsapp,actual,952,198,1920/q85,0.9708,,true,image/jpeg,image/jpeg,"public, max-age=3600",cabe,messages.content
true,chat-saliente,chat-media,57313·····42/1788035860821-w2bq5.jpg,foto-whatsapp,actual,952,198,1920/q85,0.9708,,true,image/jpeg,image/jpeg,"public, max-age=3600",cabe,messages.content | messages.reply_to
true,chat-saliente,chat-media,57314·····93/1785021874309-1q23x.jpg,foto-whatsapp,actual,952,198,1920/q85,0.9708,,true,image/jpeg,image/jpeg,"public, max-age=3600",cabe,messages.content
true,chat-saliente,chat-media,57315·····32/1787799679335-hec4k.jpg,foto-whatsapp,actual,952,198,1920/q85,0.9708,,true,image/jpeg,image/jpeg,"public, max-age=3600",cabe,messages.content | messages.reply_to
true,catalogo-imagenes,catalogo-imagenes,1784395233575-sfxwwal70sa.jpg,foto-whatsapp,actual,952,198,1920/q85,0.9708,,true,image/jpeg,image/jpeg,"public, max-age=3600",cabe,
true,catalogo-imagenes,catalogo-imagenes,1784395287614-9sdtjh83lda.jpg,foto-whatsapp,actual,952,198,1920/q85,0.9708,,true,image/jpeg,image/jpeg,"public, max-age=3600",cabe,catalogo_colores.url_original | clientes_funnelish.foto_producto | messages.content
true,catalogo-imagenes,catalogo-imagenes,1784425191000-m5lr4qif56.jpg,foto-whatsapp,actual,952,198,1920/q85,0.9708,,true,image/jpeg,image/jpeg,"public, max-age=3600",cabe,catalogo_colores.url_original | clientes_funnelish.foto_producto | funnels.variantes | messages.content | messages.reply_to
true,catalogo-imagenes,catalogo-imagenes,1785018724356-m1viraw7hj.jpg,foto-whatsapp,actual,952,195,1920/q85,0.9713,,true,image/jpeg,image/jpeg,"public, max-age=3600",cabe,catalogo_colores.url_original | clientes_funnelish.foto_producto | funnels.variantes | messages.content
true,chat-saliente,chat-media,57314·····93/1785021858108-aakq0.jpg,foto-whatsapp,actual,949,193,1920/q85,0.9732,,true,image/jpeg,image/jpeg,"public, max-age=3600",cabe,messages.content
true,chat-saliente,chat-media,57323·····56/1788043487916-b7oi2.jpg,foto-whatsapp,actual,949,193,1920/q85,0.9732,,true,image/jpeg,image/jpeg,"public, max-age=3600",cabe,messages.content
true,catalogo-imagenes,catalogo-imagenes,1784395568905-qttqd6foco.jpg,foto-whatsapp,actual,949,193,1920/q85,0.9732,,true,image/jpeg,image/jpeg,"public, max-age=3600",cabe,catalogo_colores.url_original | messages.content
true,catalogo-imagenes,catalogo-imagenes,1784395633851-ghbd14zm8u5.jpg,foto-whatsapp,actual,949,193,1920/q85,0.9732,,true,image/jpeg,image/jpeg,"public, max-age=3600",cabe,
true,catalogo-imagenes,catalogo-imagenes,1784485641576-nbsmtlpmylk.jpg,foto-whatsapp,actual,949,193,1920/q85,0.9732,,true,image/jpeg,image/jpeg,"public, max-age=3600",cabe,catalogo_colores.url_original | clientes_funnelish.foto_producto | funnels.variantes | messages.content
true,catalogo-imagenes,catalogo-imagenes,1786204413392-t2hvcpx1esl.jpg,foto-whatsapp,actual,946,182,1920/q85,0.9713,,true,image/jpeg,image/jpeg,"public, max-age=3600",cabe,catalogo_colores.url_original
true,chat-saliente,chat-media,57300·····23/1784479879559-xkg0a.jpg,foto-whatsapp,actual,945,196,1920/q85,0.9733,,true,image/jpeg,image/jpeg,"public, max-age=3600",cabe,messages.content
true,chat-saliente,chat-media,57301·····60/1784577254425-01e3j.jpg,foto-whatsapp,actual,945,196,1920/q85,0.9733,,true,image/jpeg,image/jpeg,"public, max-age=3600",cabe,messages.content
true,catalogo-imagenes,catalogo-imagenes,1784395350296-ug1fdkwxa4p.jpg,foto-whatsapp,actual,945,196,1920/q85,0.9733,,true,image/jpeg,image/jpeg,"public, max-age=3600",cabe,catalogo_colores.url_original | clientes_funnelish.foto_producto | messages.content
true,catalogo-imagenes,catalogo-imagenes,1784425265559-v92ybvi6yil.jpg,foto-whatsapp,actual,945,196,1920/q85,0.9733,,true,image/jpeg,image/jpeg,"public, max-age=3600",cabe,catalogo_colores.url_original | clientes_funnelish.foto_producto | funnels.variantes | messages.content | messages.reply_to
true,catalogo-imagenes,catalogo-imagenes,1787713930771-oy6vvnzcjr.jpg,foto-whatsapp,actual,944,187,1920/q85,0.9707,,true,image/jpeg,image/jpeg,"public, max-age=3600",cabe,
true,chat-saliente,chat-media,57321·····61/1784996773484-xh95k.jpg,foto-whatsapp,actual,940,190,1920/q85,0.9748,,true,image/jpeg,image/jpeg,"public, max-age=3600",cabe,messages.content
true,chat-saliente,chat-media,57323·····77/1785116881118-8urm5.jpg,foto-whatsapp,actual,940,190,1920/q85,0.9748,,true,image/jpeg,image/jpeg,"public, max-age=3600",cabe,messages.content
true,catalogo-imagenes,catalogo-imagenes,1784732754674-e1v3tbxbmll.jpg,foto-whatsapp,actual,940,190,1920/q85,0.9748,,true,image/jpeg,image/jpeg,"public, max-age=3600",cabe,catalogo_colores.url_original | messages.content
true,catalogo-imagenes,catalogo-imagenes,1785019009684-gbx462oddzg.jpg,foto-whatsapp,actual,938,192,1920/q85,0.9736,,true,image/jpeg,image/jpeg,"public, max-age=3600",cabe,catalogo_colores.url_original | funnels.variantes | messages.content
true,catalogo-imagenes,catalogo-imagenes,1786025046118-40eobmisc19.jpg,foto-whatsapp,actual,936,177,1920/q85,0.9701,,true,image/jpeg,image/jpeg,"public, max-age=3600",cabe,catalogo_colores.url_original
true,chat-saliente,chat-media,57314·····18/1784255582349-aivg8.jpg,foto-whatsapp,actual,935,176,1920/q85,0.9706,,true,image/jpeg,image/jpeg,"public, max-age=3600",cabe,
true,catalogo-imagenes,catalogo-imagenes,1784335505577-pjctj05ujg.jpg,foto-whatsapp,actual,935,176,1920/q85,0.9706,,true,image/jpeg,image/jpeg,"public, max-age=3600",cabe,catalogo_colores.url_original
true,catalogo-imagenes,catalogo-imagenes,1785018848480-5hxxhxh6k6s.jpg,foto-whatsapp,actual,935,191,1920/q85,0.9717,,true,image/jpeg,image/jpeg,"public, max-age=3600",cabe,catalogo_colores.url_original | clientes_funnelish.foto_producto | funnels.variantes | messages.content
true,catalogo-imagenes,catalogo-imagenes,1784994386922-023bec42bl5d.jpg,foto-whatsapp,actual,934,193,1920/q85,0.9719,,true,image/jpeg,image/jpeg,"public, max-age=3600",cabe,catalogo_colores.url_original | clientes_funnelish.foto_producto | funnels.variantes | messages.content | messages.reply_to
true,chat-saliente,chat-media,57315·····43/1788291623049-4f7fv.png,foto-whatsapp,actual,933,78,1920/q85,0.9578,,true,image/png,image/jpeg,"public, max-age=3600",cabe,messages.content
true,catalogo-imagenes,catalogo-imagenes,1785265095342-5s98hsfya6.jpg,foto-whatsapp,actual,933,192,1920/q85,0.9718,,true,image/jpeg,image/jpeg,"public, max-age=3600",cabe,catalogo_colores.url_original | messages.content
true,catalogo-imagenes,catalogo-imagenes,1784423417249-onzil7544k9.jpg,foto-whatsapp,actual,932,190,1920/q85,0.9715,,true,image/jpeg,image/jpeg,"public, max-age=3600",cabe,catalogo_colores.url_original | messages.content
true,catalogo-imagenes,catalogo-imagenes,1784995781316-1oyh5zhi4ji.jpg,foto-whatsapp,actual,932,190,1920/q85,0.9715,,true,image/jpeg,image/jpeg,"public, max-age=3600",cabe,catalogo_colores.url_original | clientes_funnelish.foto_producto | funnels.variantes | messages.content | messages.reply_to
true,packs,chat-media,packs/pack-1xrwpzf__v3.jpg,foto-whatsapp,actual,932,179,1920/q85,0.9778,,true,image/jpeg,image/jpeg,"public, max-age=3600",cabe,clientes_funnelish.foto_producto | messages.content
true,catalogo-imagenes,catalogo-imagenes,1784512684970-69eqk5fe1bu.jpg,foto-whatsapp,actual,931,180,1920/q85,0.974,,true,image/jpeg,image/jpeg,"public, max-age=3600",cabe,catalogo_colores.url_original
true,catalogo-imagenes,catalogo-imagenes,1786204504679-y6z3gqwnxa.jpg,foto-whatsapp,actual,929,175,1920/q85,0.9711,,true,image/jpeg,image/jpeg,"public, max-age=3600",cabe,catalogo_colores.url_original
true,catalogo-imagenes,catalogo-imagenes,1784994184029-dh5xwqo4tpl.jpg,foto-whatsapp,actual,927,192,1920/q85,0.9733,,true,image/jpeg,image/jpeg,"public, max-age=3600",cabe,catalogo_colores.url_original | funnels.variantes | messages.content | messages.reply_to
true,catalogo-imagenes,catalogo-imagenes,1786210469635-thitc1761fn.jpg,foto-whatsapp,actual,926,173,1920/q85,0.9708,,true,image/jpeg,image/jpeg,"public, max-age=3600",cabe,catalogo_colores.url_original
true,catalogo-imagenes,catalogo-imagenes,1785018835170-sa8xstivn1d.jpg,foto-whatsapp,actual,925,189,1920/q85,0.9731,,true,image/jpeg,image/jpeg,"public, max-age=3600",cabe,catalogo_colores.url_original | funnels.variantes | messages.content
true,catalogo-imagenes,catalogo-imagenes,1785265121598-007uygnnbz6du.jpg,foto-whatsapp,actual,924,190,1920/q85,0.9733,,true,image/jpeg,image/jpeg,"public, max-age=3600",cabe,catalogo_colores.url_original | messages.content
true,catalogo-imagenes,catalogo-imagenes,1784395476865-l0pgk9xfoy.jpg,foto-whatsapp,actual,924,187,1920/q85,0.9727,,true,image/jpeg,image/jpeg,"public, max-age=3600",cabe,catalogo_colores.url_original | messages.content
true,catalogo-imagenes,catalogo-imagenes,1784485138414-4nb5g9onu8v.jpg,foto-whatsapp,actual,924,187,1920/q85,0.9727,,true,image/jpeg,image/jpeg,"public, max-age=3600",cabe,catalogo_colores.url_original | clientes_funnelish.foto_producto | funnels.variantes | messages.content
true,catalogo-imagenes,catalogo-imagenes,1785018928283-0bs6855z7ooq.jpg,foto-whatsapp,actual,923,185,1920/q85,0.9712,,true,image/jpeg,image/jpeg,"public, max-age=3600",cabe,catalogo_colores.url_original | funnels.variantes
true,catalogo-imagenes,catalogo-imagenes,1784423477721-nr3o93dmtx.jpg,foto-whatsapp,actual,921,188,1920/q85,0.9733,,true,image/jpeg,image/jpeg,"public, max-age=3600",cabe,catalogo_colores.url_original | messages.content
true,catalogo-imagenes,catalogo-imagenes,1784995790597-iwqtvo7l08j.jpg,foto-whatsapp,actual,921,188,1920/q85,0.9733,,true,image/jpeg,image/jpeg,"public, max-age=3600",cabe,catalogo_colores.url_original | clientes_funnelish.foto_producto | funnels.variantes | messages.content
true,catalogo-imagenes,catalogo-imagenes,1787772211726-ed0rd4gg66.jpg,foto-whatsapp,actual,920,192,1920/q85,0.9806,,true,image/jpeg,image/jpeg,"public, max-age=3600",cabe,catalogo_colores.url_original
true,catalogo-imagenes,catalogo-imagenes,1785966763822-6yt8n0c8bbu.jpg,foto-whatsapp,actual,920,181,1920/q85,0.9728,,true,image/jpeg,image/jpeg,"public, max-age=3600",cabe,catalogo_colores.url_original
true,chat-saliente,chat-media,57301·····40/1788279956473-069dk.jpg,grafico-texto,actual,920,313,rescate 1920/q90/444,0.9587,,true,image/jpeg,image/jpeg,"public, max-age=3600",cabe como gráfico con texto (400 kB),messages.content
true,catalogo-imagenes,catalogo-imagenes,1785510073838-pguuka9ry4.jpg,foto-whatsapp,actual,918,174,1920/q85,0.9725,,true,image/jpeg,image/jpeg,"public, max-age=3600",cabe,catalogo_colores.url_original
true,catalogo-imagenes,catalogo-imagenes,1784998912327-uf9uur3teq.jpg,foto-whatsapp,actual,917,183,1920/q85,0.9716,,true,image/jpeg,image/jpeg,"public, max-age=3600",cabe,catalogo_colores.url_original | clientes_funnelish.foto_producto | funnels.variantes | messages.content | messages.reply_to
true,catalogo-imagenes,catalogo-imagenes,1787772333254-8n6dsya4gaa.jpg,foto-whatsapp,actual,914,235,1920/q85,0.9766,,true,image/jpeg,image/jpeg,"public, max-age=3600",cabe,catalogo_colores.url_original
true,catalogo-imagenes,catalogo-imagenes,1784395802718-edlm90u4jfp.jpg,foto-whatsapp,actual,912,176,1920/q85,0.9724,,true,image/jpeg,image/jpeg,"public, max-age=3600",cabe,catalogo_colores.url_original
true,catalogo-imagenes,catalogo-imagenes,1785018943120-9ogmkcn4lj.jpg,foto-whatsapp,actual,909,182,1920/q85,0.9734,,true,image/jpeg,image/jpeg,"public, max-age=3600",cabe,catalogo_colores.url_original | funnels.variantes
true,catalogo-imagenes,catalogo-imagenes,1787713914800-zz2bbryawcj.jpg,foto-whatsapp,actual,909,186,1920/q85,0.9731,,true,image/jpeg,image/jpeg,"public, max-age=3600",cabe,
true,catalogo-imagenes,catalogo-imagenes,1784998895838-8m9g0ywlawd.jpg,foto-whatsapp,actual,906,183,1920/q85,0.9737,,true,image/jpeg,image/jpeg,"public, max-age=3600",cabe,funnels.variantes | messages.content
true,chat-saliente,chat-media,57315·····16/1785015349636-kb30t.jpg,foto-whatsapp,actual,905,172,1920/q85,0.9723,,true,image/jpeg,image/jpeg,"public, max-age=3600",cabe,messages.content | messages.reply_to
true,catalogo-imagenes,catalogo-imagenes,1786203162956-xp13w9kqdul.jpg,foto-whatsapp,actual,902,236,1920/q85,0.9678,,true,image/jpeg,image/jpeg,"public, max-age=3600",cabe,catalogo_colores.url_original
true,catalogo-imagenes,catalogo-imagenes,1786025073866-lsw7pec68w.jpg,foto-whatsapp,actual,897,180,1920/q85,0.9728,,true,image/jpeg,image/jpeg,"public, max-age=3600",cabe,catalogo_colores.url_original
true,catalogo-imagenes,catalogo-imagenes,1785966684963-dobclyd5xrv.jpg,foto-whatsapp,actual,888,179,1920/q85,0.9744,,true,image/jpeg,image/jpeg,"public, max-age=3600",cabe,catalogo_colores.url_original
true,packs,chat-media,packs/pack-185msu3__v3.jpg,foto-whatsapp,actual,885,178,1920/q85,0.9766,,true,image/jpeg,image/jpeg,"public, max-age=3600",cabe,messages.content
true,catalogo-imagenes,catalogo-imagenes,1784395785098-l4kegxr9ll.jpg,foto-whatsapp,actual,881,177,1920/q85,0.9739,,true,image/jpeg,image/jpeg,"public, max-age=3600",cabe,catalogo_colores.url_original
true,chat-saliente,chat-media,57315·····16/1785017302310-by5we.jpg,foto-whatsapp,actual,872,172,1920/q85,0.974,,true,image/jpeg,image/jpeg,"public, max-age=3600",cabe,messages.content
true,chat-saliente,chat-media,57315·····32/1787841571550-omh29.png,foto-whatsapp,actual,869,59,1920/q85,0.9662,,true,image/png,image/jpeg,"public, max-age=3600",cabe,messages.content
true,catalogo-imagenes,catalogo-imagenes,1786210224463-8uj083sgxzq.jpg,foto-whatsapp,actual,867,172,1920/q85,0.9538,,true,image/jpeg,image/jpeg,"public, max-age=3600",cabe,catalogo_colores.url_original
true,catalogo-imagenes,catalogo-imagenes,1787890082003-z6kd4x0clx.jpg,foto-whatsapp,actual,859,169,1920/q85,0.9837,,true,image/jpeg,image/jpeg,"public, max-age=3600",cabe,
true,catalogo-imagenes,catalogo-imagenes,1787926295043-k5ibbfrkeyh.jpg,foto-whatsapp,actual,857,168,1920/q85,0.9836,,true,image/jpeg,image/jpeg,"public, max-age=3600",cabe,catalogo_colores.url_original
true,catalogo-imagenes,catalogo-imagenes,1786203620763-ssiucbsvo5q.jpg,foto-whatsapp,actual,855,223,1920/q85,0.9664,,true,image/jpeg,image/jpeg,"public, max-age=3600",cabe,catalogo_colores.url_original
true,catalogo-imagenes,catalogo-imagenes,1786203668126-cc4hoj4osjn.jpg,foto-whatsapp,actual,855,223,1920/q85,0.9664,,true,image/jpeg,image/jpeg,"public, max-age=3600",cabe,
true,plantillas-images,plantillas-images,1784148348744-ltb2kul59c8.jpg,foto-whatsapp,actual,847,243,1920/q85,0.9761,,true,image/jpeg,image/jpeg,"public, max-age=3600",cabe,
true,plantillas-images,plantillas-images,1784148454349-f8zjnkz4w7j.jpg,foto-whatsapp,actual,847,243,1920/q85,0.9761,,true,image/jpeg,image/jpeg,"public, max-age=3600",cabe,
true,plantillas-images,plantillas-images,1784148602419-66o8fn2dl6m.jpg,foto-whatsapp,actual,847,243,1920/q85,0.9761,,true,image/jpeg,image/jpeg,"public, max-age=3600",cabe,
true,plantillas-images,plantillas-images,1784148695255-fmjpqptx0t.jpg,foto-whatsapp,actual,847,243,1920/q85,0.9761,,true,image/jpeg,image/jpeg,"public, max-age=3600",cabe,
true,plantillas-images,plantillas-images,1784148956927-fdg9kbo13bf.jpg,foto-whatsapp,actual,847,243,1920/q85,0.9761,,true,image/jpeg,image/jpeg,"public, max-age=3600",cabe,
true,chat-saliente,chat-media,57315·····32/1787800146371-mjmlu.png,foto-whatsapp,actual,840,59,1920/q85,0.9662,,true,image/png,image/jpeg,"public, max-age=3600",cabe,messages.content
true,chat-saliente,chat-media,57315·····32/1787799925259-0o5ml.jpg,foto-whatsapp,actual,838,166,1920/q85,0.9731,,true,image/jpeg,image/jpeg,"public, max-age=3600",cabe,messages.content
true,catalogo-imagenes,catalogo-imagenes,1786210086160-sfbm56gkcpp.jpg,foto-whatsapp,actual,837,165,1920/q85,0.9534,,true,image/jpeg,image/jpeg,"public, max-age=3600",cabe,catalogo_colores.url_original
true,catalogo-imagenes,catalogo-imagenes,1785510038987-v9u3z2uw6j.jpg,foto-whatsapp,actual,832,155,1920/q85,0.9719,,true,image/jpeg,image/jpeg,"public, max-age=3600",cabe,catalogo_colores.url_original
true,catalogo-imagenes,catalogo-imagenes,1786209993730-ikqn0v8ap6m.jpg,foto-whatsapp,actual,831,162,1920/q85,0.9532,,true,image/jpeg,image/jpeg,"public, max-age=3600",cabe,catalogo_colores.url_original
true,chat-saliente,chat-media,57313·····87/1784740076448-msxyo.jpg,foto-whatsapp,actual,829,165,1920/q85,0.9754,,true,image/jpeg,image/jpeg,"public, max-age=3600",cabe,messages.content
true,chat-saliente,chat-media,57321·····61/1784996770051-c2e2k.jpg,foto-whatsapp,actual,829,165,1920/q85,0.9754,,true,image/jpeg,image/jpeg,"public, max-age=3600",cabe,messages.content
true,chat-saliente,chat-media,57322·····43/1784732664876-iqczl.jpg,foto-whatsapp,actual,829,165,1920/q85,0.9754,,true,image/jpeg,image/jpeg,"public, max-age=3600",cabe,messages.content
true,chat-saliente,chat-media,57323·····77/1785116878067-uhmty.jpg,foto-whatsapp,actual,829,165,1920/q85,0.9754,,true,image/jpeg,image/jpeg,"public, max-age=3600",cabe,messages.content
true,catalogo-imagenes,catalogo-imagenes,1784732710888-ypb52corsgq.jpg,foto-whatsapp,actual,829,165,1920/q85,0.9754,,true,image/jpeg,image/jpeg,"public, max-age=3600",cabe,catalogo_colores.url_original | clientes_funnelish.foto_producto | messages.content
true,packs,chat-media,packs/pack-1swafvd__v3.jpg,foto-whatsapp,actual,827,172,1920/q85,0.9753,,true,image/jpeg,image/jpeg,"public, max-age=3600",cabe,clientes_funnelish.foto_producto | messages.content
true,catalogo-imagenes,catalogo-imagenes,1784341397097-6rrch4udcvb.jpg,foto-whatsapp,actual,811,146,1920/q85,0.9707,,true,image/jpeg,image/jpeg,"public, max-age=3600",cabe,
true,catalogo-imagenes,catalogo-imagenes,1784341432840-x46n06u5e7.jpg,foto-whatsapp,actual,811,146,1920/q85,0.9707,,true,image/jpeg,image/jpeg,"public, max-age=3600",cabe,
true,catalogo-imagenes,catalogo-imagenes,1786210311852-0z95r3e3vebj.jpg,foto-whatsapp,actual,807,161,1920/q85,0.9732,,true,image/jpeg,image/jpeg,"public, max-age=3600",cabe,catalogo_colores.url_original
true,catalogo-imagenes,catalogo-imagenes,1786212844279-b8i0avbqln.jpg,foto-whatsapp,actual,805,160,1920/q85,0.9732,,true,image/jpeg,image/jpeg,"public, max-age=3600",cabe,catalogo_colores.url_original
true,catalogo-imagenes,catalogo-imagenes,1786203110239-mqz9rnl80mo.jpg,foto-whatsapp,actual,803,176,1920/q85,0.9736,,true,image/jpeg,image/jpeg,"public, max-age=3600",cabe,catalogo_colores.url_original
true,catalogo-imagenes,catalogo-imagenes,1786210243570-ss9jp68rzfg.jpg,foto-whatsapp,actual,802,149,1920/q85,0.9577,,true,image/jpeg,image/jpeg,"public, max-age=3600",cabe,catalogo_colores.url_original
true,catalogo-imagenes,catalogo-imagenes,1784993949407-op3b0y2yln.jpg,foto-whatsapp,actual,795,157,1920/q85,0.9733,,true,image/jpeg,image/jpeg,"public, max-age=3600",cabe,catalogo_colores.url_original
true,catalogo-imagenes,catalogo-imagenes,1786204282798-azyl6c706dl.jpg,foto-whatsapp,actual,789,157,1920/q85,0.9731,,true,image/jpeg,image/jpeg,"public, max-age=3600",cabe,catalogo_colores.url_original
true,catalogo-imagenes,catalogo-imagenes,1786210454353-o3ym9e7eie.jpg,foto-whatsapp,actual,788,152,1920/q85,0.9721,,true,image/jpeg,image/jpeg,"public, max-age=3600",cabe,catalogo_colores.url_original
true,chat-saliente,chat-media,57323·····87/1789161015017-yo8se.png,foto-whatsapp,actual,783,57,1920/q85,0.9596,,true,image/png,image/jpeg,"public, max-age=3600",cabe,messages.content
true,catalogo-imagenes,catalogo-imagenes,1786203247337-4lp8r2nwgae.jpg,foto-whatsapp,actual,781,169,1920/q85,0.9744,,true,image/jpeg,image/jpeg,"public, max-age=3600",cabe,catalogo_colores.url_original
true,catalogo-imagenes,catalogo-imagenes,1784335455262-18uskjfjxdzi.jpg,foto-whatsapp,actual,778,152,1920/q85,0.973,,true,image/jpeg,image/jpeg,"public, max-age=3600",cabe,catalogo_colores.url_original
true,catalogo-imagenes,catalogo-imagenes,1786204474181-4zvhrxup6vn.jpg,foto-whatsapp,actual,773,151,1920/q85,0.9729,,true,image/jpeg,image/jpeg,"public, max-age=3600",cabe,
true,catalogo-imagenes,catalogo-imagenes,1786204481898-9d7xaddjdyu.jpg,foto-whatsapp,actual,773,151,1920/q85,0.9729,,true,image/jpeg,image/jpeg,"public, max-age=3600",cabe,catalogo_colores.url_original
true,catalogo-imagenes,catalogo-imagenes,1786203205611-02r2zydeaylf.jpg,foto-whatsapp,actual,772,171,1920/q85,0.9676,,true,image/jpeg,image/jpeg,"public, max-age=3600",cabe,
true,catalogo-imagenes,catalogo-imagenes,1786203384205-xfdhyufs8g9.jpg,foto-whatsapp,actual,772,171,1920/q85,0.9676,,true,image/jpeg,image/jpeg,"public, max-age=3600",cabe,catalogo_colores.url_original
true,catalogo-imagenes,catalogo-imagenes,1786203066110-n6emglnxnbb.jpg,foto-whatsapp,actual,772,171,1920/q85,0.9686,,true,image/jpeg,image/jpeg,"public, max-age=3600",cabe,catalogo_colores.url_original
true,catalogo-imagenes,catalogo-imagenes,1786210179205-tr9bi1cdfrq.jpg,foto-whatsapp,actual,768,146,1920/q85,0.9595,,true,image/jpeg,image/jpeg,"public, max-age=3600",cabe,catalogo_colores.url_original
true,chat-saliente,chat-media,57322·····15/1789919227362-smyks.png,foto-whatsapp,actual,765,59,1920/q85,0.9616,,true,image/png,image/jpeg,"public, max-age=3600",cabe,messages.content
true,plantillas-images,plantillas-images,1784152183566-kh5l2fjv31.jpg,foto-whatsapp,actual,757,203,1600/q75,0.9525,,true,image/jpeg,image/jpeg,"public, max-age=3600",cabe,
true,plantillas-images,plantillas-images,1784154034191-xxkkaggo8xk.jpg,foto-whatsapp,actual,757,203,1600/q75,0.9525,,true,image/jpeg,image/jpeg,"public, max-age=3600",cabe,
true,plantillas-images,plantillas-images,1784170079569-kglwtyibv5o.jpg,foto-whatsapp,actual,757,203,1600/q75,0.9525,,true,image/jpeg,image/jpeg,"public, max-age=3600",cabe,plantillas.imagen_url
true,catalogo-imagenes,catalogo-imagenes,1786203313591-gaqklaid7hh.jpg,foto-whatsapp,actual,754,166,1920/q85,0.9674,,true,image/jpeg,image/jpeg,"public, max-age=3600",cabe,
true,catalogo-imagenes,catalogo-imagenes,1786203459362-wsmrez3ccne.jpg,foto-whatsapp,actual,751,161,1920/q85,0.9746,,true,image/jpeg,image/jpeg,"public, max-age=3600",cabe,catalogo_colores.url_original
true,ventas,chat-media,ventas/57313·····98/1785849525100-4mk60.jpg,foto-entrante,actual,749,152,1920/q85,0.9834,,true,image/jpeg,image/jpeg,"public, max-age=3600",cabe,messages.content
true,ventas,chat-media,ventas/57313·····98/1785849646313-xc3hf.jpg,foto-entrante,actual,749,152,1920/q85,0.9834,,true,image/jpeg,image/jpeg,"public, max-age=3600",cabe,messages.content
true,plantillas-images,plantillas-images,1784148336535-oh3hf95j5fl.jpg,grafico-texto,actual,742,209,rescate 1920/q90/444,0.962,,true,image/jpeg,image/jpeg,"public, max-age=3600",cabe como gráfico con texto (400 kB),
true,catalogo-imagenes,catalogo-imagenes,1786203858710-sozll83mctf.jpg,foto-whatsapp,actual,742,158,1920/q85,0.9745,,true,image/jpeg,image/jpeg,"public, max-age=3600",cabe,catalogo_colores.url_original
true,chat-saliente,chat-media,57320·····57/1785191759819-7xpnz.jpg,foto-whatsapp,actual,736,135,1920/q85,0.9586,,true,image/jpeg,image/jpeg,"public, max-age=3600",cabe,messages.content
true,embudos,chat-media,embudos/tribal/1787771496098-18shb.png,foto-web,actual,736,68,1920/q85,0.9708,,true,image/png,image/jpeg,"public, max-age=3600",cabe,funnels.layout
true,catalogo-imagenes,catalogo-imagenes,1786210063378-72258xheafc.jpg,foto-whatsapp,actual,734,133,1920/q85,0.9598,,true,image/jpeg,image/jpeg,"public, max-age=3600",cabe,catalogo_colores.url_original
true,chat-saliente,chat-media,57316·····60/1785766218836-7f8t6.png,foto-whatsapp,actual,734,124,1920/q85,0.9952,,true,image/png,image/jpeg,"public, max-age=3600",cabe,messages.content
true,catalogo-imagenes,catalogo-imagenes,1786204055403-scr08l5nng.jpg,foto-whatsapp,actual,731,153,1920/q85,0.9746,,true,image/jpeg,image/jpeg,"public, max-age=3600",cabe,catalogo_colores.url_original
true,catalogo-imagenes,catalogo-imagenes,1786203442284-12xc5jzc972l.jpg,foto-whatsapp,actual,730,160,1920/q85,0.9676,,true,image/jpeg,image/jpeg,"public, max-age=3600",cabe,catalogo_colores.url_original
true,catalogo-imagenes,catalogo-imagenes,1786203819031-38n0py3sphx.jpg,foto-whatsapp,actual,727,158,1920/q85,0.9671,,true,image/jpeg,image/jpeg,"public, max-age=3600",cabe,catalogo_colores.url_original
true,catalogo-imagenes,catalogo-imagenes,1786203996748-4uyxfj9ebsv.jpg,foto-whatsapp,actual,727,155,1920/q85,0.9669,,true,image/jpeg,image/jpeg,"public, max-age=3600",cabe,catalogo_colores.url_original
true,catalogo-imagenes,catalogo-imagenes,1786209969261-xdjq38k0cx.jpg,foto-whatsapp,actual,725,130,1920/q85,0.9596,,true,image/jpeg,image/jpeg,"public, max-age=3600",cabe,catalogo_colores.url_original
true,chat-saliente,chat-media,57323·····87/1789071472691-ycrsh.png,foto-whatsapp,actual,720,57,1920/q85,0.9596,,true,image/png,image/jpeg,"public, max-age=3600",cabe,messages.content
true,chat-saliente,chat-media,57302·····20/1788566817483-svx5y.png,foto-whatsapp,actual,718,61,1920/q85,0.9717,,true,image/png,image/jpeg,"public, max-age=3600",cabe,messages.content | messages.reply_to
true,catalogo-imagenes,catalogo-imagenes,1786204010694-1z2pn89qfge.jpg,foto-whatsapp,actual,713,141,1920/q85,0.9741,,true,image/jpeg,image/jpeg,"public, max-age=3600",cabe,catalogo_colores.url_original
true,chat-saliente,chat-media,57319·····74/1787628372271-s0n7e.png,foto-whatsapp,actual,711,54,1920/q85,0.9768,,true,image/png,image/jpeg,"public, max-age=3600",cabe,messages.content
true,chat-saliente,chat-media,57304·····16/1786496423399-au3me.png,foto-whatsapp,actual,708,124,1920/q85,0.9952,,true,image/png,image/jpeg,"public, max-age=3600",cabe,messages.content
true,chat-saliente,chat-media,57311·····23/1786571708508-g9243.png,foto-whatsapp,actual,708,124,1920/q85,0.9952,,true,image/png,image/jpeg,"public, max-age=3600",cabe,messages.content
true,chat-saliente,chat-media,57315·····62/1785779776959-z0545.png,foto-whatsapp,actual,708,124,1920/q85,0.9952,,true,image/png,image/jpeg,"public, max-age=3600",cabe,messages.content
false,ventas,chat-media,ventas/57301·····98/1785678232133-9how6.webp,foto-entrante,actual,703,703,,,,false,image/webp,,"public, max-age=3600",animada (88 fotogramas): el compresor la aplanaría,messages.content
true,chat-saliente,chat-media,57314·····84/1787757849952-zj8gp.png,foto-whatsapp,actual,702,125,1920/q85,0.9954,,true,image/png,image/jpeg,"public, max-age=3600",cabe,messages.content
true,chat-saliente,chat-media,57300·····33/1784642544138-bts3u.jpg,foto-whatsapp,actual,702,381,rescate 1920/q85,0.954,,false,image/jpeg,image/jpeg,"public, max-age=3600","no cabe sin bajar de SSIM 0,95: escalón más ligero que conserva la calidad",messages.content
true,chat-saliente,chat-media,57304·····85/1784940477597-reygo.jpg,foto-whatsapp,actual,702,381,rescate 1920/q85,0.954,,false,image/jpeg,image/jpeg,"public, max-age=3600","no cabe sin bajar de SSIM 0,95: escalón más ligero que conserva la calidad",messages.content
true,chat-saliente,chat-media,57320·····07/1785004964746-hfrjn.jpg,foto-whatsapp,actual,702,381,rescate 1920/q85,0.954,,false,image/jpeg,image/jpeg,"public, max-age=3600","no cabe sin bajar de SSIM 0,95: escalón más ligero que conserva la calidad",messages.content
true,chat-saliente,chat-media,57321·····09/1785699132841-6vgjm.jpg,foto-whatsapp,actual,702,381,rescate 1920/q85,0.954,,false,image/jpeg,image/jpeg,"public, max-age=3600","no cabe sin bajar de SSIM 0,95: escalón más ligero que conserva la calidad",messages.content
true,chat-saliente,chat-media,57322·····86/1784925458814-6zl73.jpg,foto-whatsapp,actual,702,381,rescate 1920/q85,0.954,,false,image/jpeg,image/jpeg,"public, max-age=3600","no cabe sin bajar de SSIM 0,95: escalón más ligero que conserva la calidad",messages.content | messages.reply_to
true,chat-saliente,chat-media,57300·····33/1784642540693-umi02.jpg,foto-whatsapp,actual,693,373,rescate 1920/q85,0.9524,,false,image/jpeg,image/jpeg,"public, max-age=3600","no cabe sin bajar de SSIM 0,95: escalón más ligero que conserva la calidad",messages.content
true,chat-saliente,chat-media,57304·····85/1784940468808-whj68.jpg,foto-whatsapp,actual,693,373,rescate 1920/q85,0.9524,,false,image/jpeg,image/jpeg,"public, max-age=3600","no cabe sin bajar de SSIM 0,95: escalón más ligero que conserva la calidad",messages.content
true,chat-saliente,chat-media,57320·····07/1785004972279-p5o1z.jpg,foto-whatsapp,actual,693,373,rescate 1920/q85,0.9524,,false,image/jpeg,image/jpeg,"public, max-age=3600","no cabe sin bajar de SSIM 0,95: escalón más ligero que conserva la calidad",messages.content
true,chat-saliente,chat-media,57321·····09/1785699124799-vcb57.jpg,foto-whatsapp,actual,693,373,rescate 1920/q85,0.9524,,false,image/jpeg,image/jpeg,"public, max-age=3600","no cabe sin bajar de SSIM 0,95: escalón más ligero que conserva la calidad",messages.content
true,chat-saliente,chat-media,57322·····86/1784926007580-12zup.jpg,foto-whatsapp,actual,693,373,rescate 1920/q85,0.9524,,false,image/jpeg,image/jpeg,"public, max-age=3600","no cabe sin bajar de SSIM 0,95: escalón más ligero que conserva la calidad",messages.content
true,catalogo-imagenes,catalogo-imagenes,1786210144138-x0dcw1utyuk.jpg,foto-whatsapp,actual,665,126,1920/q85,0.9613,,true,image/jpeg,image/jpeg,"public, max-age=3600",cabe,catalogo_colores.url_original
true,catalogo-imagenes,catalogo-imagenes,1787068539762-wqbhdf055wm.jpg,foto-whatsapp,actual,660,97,1920/q85,0.9602,,true,image/jpeg,image/jpeg,"public, max-age=3600",cabe,catalogo_colores.url_original
true,catalogo-imagenes,catalogo-imagenes,1786203139481-kivsk9eo27m.jpg,foto-whatsapp,actual,644,132,1920/q85,0.9784,,true,image/jpeg,image/jpeg,"public, max-age=3600",cabe,catalogo_colores.url_original
true,catalogo-imagenes,catalogo-imagenes,1786210033208-egi3sv20yfq.jpg,foto-whatsapp,actual,634,116,1920/q85,0.9616,,true,image/jpeg,image/jpeg,"public, max-age=3600",cabe,catalogo_colores.url_original
true,catalogo-imagenes,catalogo-imagenes,1786203396745-o8p54gw587m.jpg,foto-whatsapp,actual,631,127,1920/q85,0.9801,,true,image/jpeg,image/jpeg,"public, max-age=3600",cabe,catalogo_colores.url_original
true,catalogo-imagenes,catalogo-imagenes,1786203642416-xih5aspthb.jpg,foto-whatsapp,actual,631,127,1920/q85,0.9801,,true,image/jpeg,image/jpeg,"public, max-age=3600",cabe,
true,catalogo-imagenes,catalogo-imagenes,1786209924876-vz18co0xhkc.jpg,foto-whatsapp,actual,624,113,1920/q85,0.9614,,true,image/jpeg,image/jpeg,"public, max-age=3600",cabe,catalogo_colores.url_original
true,chat-saliente,chat-media,57302·····87/1788379064032-cqs1l.png,foto-whatsapp,actual,612,63,1920/q85,0.9766,,true,image/png,image/jpeg,"public, max-age=3600",cabe,messages.content | messages.reply_to
true,chat-saliente,chat-media,57323·····90/1786708713115-ikw3e.png,foto-whatsapp,actual,596,50,1920/q85,0.9681,,true,image/png,image/jpeg,"public, max-age=3600",cabe,messages.content
true,chat-saliente,chat-media,57300·····33/1784642547067-arb9r.jpg,grafico-texto,actual,593,452,rescate 1440/q90/444,0.9605,,false,image/jpeg,image/jpeg,"public, max-age=3600","no cabe sin bajar de SSIM 0,95: escalón más ligero que conserva la calidad",messages.content
true,chat-saliente,chat-media,57304·····85/1784754007805-vzlsq.jpg,grafico-texto,actual,593,452,rescate 1440/q90/444,0.9605,,false,image/jpeg,image/jpeg,"public, max-age=3600","no cabe sin bajar de SSIM 0,95: escalón más ligero que conserva la calidad",messages.content
true,chat-saliente,chat-media,57304·····85/1784940480657-g2mx1.jpg,grafico-texto,actual,593,452,rescate 1440/q90/444,0.9605,,false,image/jpeg,image/jpeg,"public, max-age=3600","no cabe sin bajar de SSIM 0,95: escalón más ligero que conserva la calidad",messages.content
true,chat-saliente,chat-media,57320·····07/1785004871657-se04u.jpg,grafico-texto,actual,593,452,rescate 1440/q90/444,0.9605,,false,image/jpeg,image/jpeg,"public, max-age=3600","no cabe sin bajar de SSIM 0,95: escalón más ligero que conserva la calidad",messages.content
true,chat-saliente,chat-media,57321·····09/1785699136658-nwlbr.jpg,grafico-texto,actual,593,452,rescate 1440/q90/444,0.9605,,false,image/jpeg,image/jpeg,"public, max-age=3600","no cabe sin bajar de SSIM 0,95: escalón más ligero que conserva la calidad",messages.content
true,chat-saliente,chat-media,57322·····86/1784926014616-ur32e.jpg,grafico-texto,actual,593,452,rescate 1440/q90/444,0.9605,,false,image/jpeg,image/jpeg,"public, max-age=3600","no cabe sin bajar de SSIM 0,95: escalón más ligero que conserva la calidad",messages.content
true,catalogo-imagenes,catalogo-imagenes,1786203767942-di7wagym31.jpg,foto-whatsapp,actual,593,118,1920/q85,0.9799,,true,image/jpeg,image/jpeg,"public, max-age=3600",cabe,catalogo_colores.url_original
true,chat-saliente,chat-media,57310·····44/1790738100068-3tn6z.jpg,foto-whatsapp,actual,586,251,rescate 1920/q75,0.9626,,false,image/jpeg,image/jpeg,"public, max-age=3600","no cabe sin bajar de SSIM 0,95: escalón más ligero que conserva la calidad",messages.content
true,catalogo-imagenes,catalogo-imagenes,1789426263598-103hjc81yt5.jpeg,foto-whatsapp,actual,586,251,rescate 1920/q75,0.9626,,false,image/jpeg,image/jpeg,"public, max-age=3600","no cabe sin bajar de SSIM 0,95: escalón más ligero que conserva la calidad",catalogo_colores.url_original
true,catalogo-imagenes,catalogo-imagenes,1786203837746-oak8y00tpd.jpg,foto-whatsapp,actual,586,114,1920/q85,0.9802,,true,image/jpeg,image/jpeg,"public, max-age=3600",cabe,catalogo_colores.url_original
true,catalogo,chat-media,catalogo/marcas/79b7157f-890b-4ad8-9829-fcce96d5e6fa-s2-c1y7v8.jpg,foto-whatsapp,actual,579,182,1920/q85,0.9977,,true,image/jpeg,image/jpeg,"public, max-age=3600",cabe,catalogo_colores.url_imagen
true,chat-saliente,chat-media,57316·····99/1786478664718-f3qer.jpg,foto-whatsapp,actual,576,243,1920/q75,0.962,,true,image/jpeg,image/jpeg,"public, max-age=3600",cabe,messages.content
true,chat-saliente,chat-media,57318·····99@funnel/1785118016456-086hy.png,foto-whatsapp,actual,575,47,1920/q85,0.9813,,true,image/png,image/jpeg,"public, max-age=3600",cabe,messages.content
true,chat-saliente,chat-media,57323·····77/1785117987170-1qyx7.png,foto-whatsapp,actual,575,47,1920/q85,0.9813,,true,image/png,image/jpeg,"public, max-age=3600",cabe,messages.content
true,chat-saliente,chat-media,57323·····77/1785348052604-tnyft.png,foto-whatsapp,actual,575,47,1920/q85,0.9813,,true,image/png,image/jpeg,"public, max-age=3600",cabe,messages.content
true,chat-saliente,chat-media,57316·····46/1788397249760-9l5wa.jpg,foto-whatsapp,actual,568,248,1920/q80,0.9634,,true,image/jpeg,image/jpeg,"public, max-age=3600",cabe,messages.content
true,catalogo-imagenes,catalogo-imagenes,1786204070431-4o10laz7c9x.jpg,foto-whatsapp,actual,567,107,1920/q85,0.9803,,true,image/jpeg,image/jpeg,"public, max-age=3600",cabe,catalogo_colores.url_original
true,chat-saliente,chat-media,57322·····98/1788355037131-ffd26.png,foto-whatsapp,actual,567,57,1920/q85,0.9812,,true,image/png,image/jpeg,"public, max-age=3600",cabe,messages.content
true,chat-saliente,chat-media,57300·····46/1786718407852-veguy.png,foto-whatsapp,actual,565,51,1920/q85,0.9673,,true,image/png,image/jpeg,"public, max-age=3600",cabe,messages.content
true,chat-saliente,chat-media,57316·····46/1788397204642-f1aup.jpg,foto-whatsapp,actual,557,242,1920/q80,0.9633,,true,image/jpeg,image/jpeg,"public, max-age=3600",cabe,messages.content
true,chat-saliente,chat-media,57316·····46/1788397263531-8qqgg.jpg,foto-whatsapp,actual,557,242,1920/q80,0.9633,,true,image/jpeg,image/jpeg,"public, max-age=3600",cabe,messages.content
true,chat-saliente,chat-media,57316·····46/1788397245767-y2toq.jpg,foto-whatsapp,actual,547,235,1920/q80,0.9632,,true,image/jpeg,image/jpeg,"public, max-age=3600",cabe,messages.content
true,chat-saliente,chat-media,57315·····32/1787799791618-t75uh.png,foto-whatsapp,actual,543,64,1920/q85,0.9876,,true,image/png,image/jpeg,"public, max-age=3600",cabe,messages.content
true,chat-saliente,chat-media,57322·····63/1790382916445-dcvae.jpg,grafico-texto,actual,536,453,rescate 1920/q90/444,0.9761,,false,image/jpeg,image/jpeg,"public, max-age=3600","no cabe sin bajar de SSIM 0,95: escalón más ligero que conserva la calidad",messages.content
true,chat-saliente,chat-media,57300·····24/1786717541753-ml9zx.png,foto-whatsapp,actual,528,48,1920/q85,0.9702,,true,image/png,image/jpeg,"public, max-age=3600",cabe,messages.content
true,chat-saliente,chat-media,57312·····05/1787082378103-5y9v0.png,foto-whatsapp,actual,520,40,1920/q85,0.9701,,true,image/png,image/jpeg,"public, max-age=3600",cabe,messages.content
true,chat-saliente,chat-media,57321·····88/1786380482372-zq2y7.png,foto-whatsapp,actual,518,41,1920/q85,0.9703,,true,image/png,image/jpeg,"public, max-age=3600",cabe,messages.content
true,chat-saliente,chat-media,57316·····99/1786478660776-zy9uy.jpg,foto-whatsapp,actual,518,212,1920/q75,0.9681,,true,image/jpeg,image/jpeg,"public, max-age=3600",cabe,messages.content
true,chat-saliente,chat-media,57311·····83/1786229199597-du2el.png,foto-whatsapp,actual,516,40,1920/q85,0.971,,true,image/png,image/jpeg,"public, max-age=3600",cabe,messages.content
true,chat-saliente,chat-media,57316·····46/1788397269679-waos6.jpg,foto-whatsapp,actual,511,223,1920/q80,0.9637,,true,image/jpeg,image/jpeg,"public, max-age=3600",cabe,messages.content
true,chat-saliente,chat-media,57321·····02/1788106645883-b8br1.jpg,foto-whatsapp,actual,511,223,1920/q80,0.9637,,true,image/jpeg,image/jpeg,"public, max-age=3600",cabe,messages.content
true,chat-saliente,chat-media,57321·····81/1789848495863-c8ab0.jpg,foto-whatsapp,actual,511,223,1920/q80,0.9637,,true,image/jpeg,image/jpeg,"public, max-age=3600",cabe,messages.content
true,chat-saliente,chat-media,57322·····63/1790382909646-13tqj.jpg,foto-whatsapp,actual,511,223,1920/q80,0.9637,,true,image/jpeg,image/jpeg,"public, max-age=3600",cabe,messages.content
true,chat-saliente,chat-media,57302·····95/1785005142578-wx3qb.jpg,foto-whatsapp,actual,511,241,1920/q80,0.9661,,true,image/jpeg,image/jpeg,"public, max-age=3600",cabe,messages.content
true,chat-saliente,chat-media,57316·····99/1786478682950-wn2xp.jpg,foto-whatsapp,actual,509,202,1920/q80,0.9586,,true,image/jpeg,image/jpeg,"public, max-age=3600",cabe,messages.content
true,chat-saliente,chat-media,57316·····46/1788397260024-o6e8w.jpg,foto-whatsapp,actual,509,221,1920/q80,0.969,,true,image/jpeg,image/jpeg,"public, max-age=3600",cabe,messages.content
true,chat-saliente,chat-media,57311·····13/1787973874026-8pcpf.png,foto-whatsapp,actual,503,38,1920/q85,0.9609,,true,image/png,image/jpeg,"public, max-age=3600",cabe,messages.content
true,embudos,chat-media,embudos/formula-1-copia/1786759024746-s2mq8.jpg,foto-web,original,502,336,rescate 1920/q75,0.9563,0.9773,false,image/jpeg,image/jpeg,"public, max-age=31536000","no cabe sin bajar de SSIM 0,95: escalón más ligero que conserva la calidad",
true,embudos,chat-media,embudos/formula-1-copia/1786766396529-jkdsa.jpg,foto-web,original,502,336,rescate 1920/q75,0.9563,0.9773,false,image/jpeg,image/jpeg,"public, max-age=31536000","no cabe sin bajar de SSIM 0,95: escalón más ligero que conserva la calidad",
true,embudos,chat-media,embudos/formula-1-copia/1786766438614-o8s76.jpg,foto-web,original,502,336,rescate 1920/q75,0.9563,0.9773,false,image/jpeg,image/jpeg,"public, max-age=31536000","no cabe sin bajar de SSIM 0,95: escalón más ligero que conserva la calidad",carritos_abandonados.datos | funnels.variantes
true,embudos,chat-media,embudos/formula-1/1784842129162-a1e77.jpg,foto-web,original,502,336,rescate 1920/q75,0.9563,0.9773,false,image/jpeg,image/jpeg,"public, max-age=31536000","no cabe sin bajar de SSIM 0,95: escalón más ligero que conserva la calidad",messages.content
true,embudos,chat-media,embudos/formula-1/1786762464780-aowac.jpg,foto-web,original,502,336,rescate 1920/q75,0.9563,0.9773,false,image/jpeg,image/jpeg,"public, max-age=31536000","no cabe sin bajar de SSIM 0,95: escalón más ligero que conserva la calidad",carritos_abandonados.datos | funnels.imagenes
true,catalogo-imagenes,catalogo-imagenes,1789426217040-tav8azy9jfs.jpeg,foto-whatsapp,actual,502,235,1920/q80,0.9715,,true,image/jpeg,image/jpeg,"public, max-age=3600",cabe,catalogo_colores.url_original
true,ventas,chat-media,ventas/57302·····86/1786601618253-9em3h.jpg,foto-entrante,actual,502,342,1920/q75,0.9756,,true,image/jpeg,image/jpeg,"public, max-age=3600",cabe,messages.content
true,ventas,chat-media,ventas/57314·····25/1786648431909-he4ed.jpg,foto-entrante,actual,502,342,1920/q75,0.9756,,true,image/jpeg,image/jpeg,"public, max-age=3600",cabe,
true,ventas,chat-media,ventas/57314·····25/1786648454099-xpuox.jpg,foto-entrante,actual,502,342,1920/q75,0.9756,,true,image/jpeg,image/jpeg,"public, max-age=3600",cabe,messages.content
true,ventas,chat-media,ventas/57321·····85/1786278325541-tsu1p.jpg,foto-entrante,actual,502,342,1920/q75,0.9756,,true,image/jpeg,image/jpeg,"public, max-age=3600",cabe,messages.content
true,chat-saliente,chat-media,57320·····57/1785005048513-8ip29.jpg,foto-whatsapp,actual,501,236,1920/q80,0.9654,,true,image/jpeg,image/jpeg,"public, max-age=3600",cabe,messages.content | messages.reply_to
true,chat-saliente,chat-media,57316·····99/1786478618759-9msae.jpg,grafico-texto,actual,501,426,rescate 1920/q90/444,0.974,,false,image/jpeg,image/jpeg,"public, max-age=3600","no cabe sin bajar de SSIM 0,95: escalón más ligero que conserva la calidad",messages.content
true,chat-saliente,chat-media,57316·····99/1786478535816-xnhzi.jpg,grafico-texto,actual,501,417,rescate 1920/q90/444,0.9736,,false,image/jpeg,image/jpeg,"public, max-age=3600","no cabe sin bajar de SSIM 0,95: escalón más ligero que conserva la calidad",messages.content
true,chat-saliente,chat-media,57316·····99/1786478543166-ux2pm.jpg,grafico-texto,actual,497,414,rescate 1920/q90/444,0.9734,,false,image/jpeg,image/jpeg,"public, max-age=3600","no cabe sin bajar de SSIM 0,95: escalón más ligero que conserva la calidad",messages.content
true,chat-saliente,chat-media,57316·····99/1786478547537-03byb.jpg,grafico-texto,actual,497,414,rescate 1920/q90/444,0.9734,,false,image/jpeg,image/jpeg,"public, max-age=3600","no cabe sin bajar de SSIM 0,95: escalón más ligero que conserva la calidad",messages.content
true,chat-saliente,chat-media,57316·····99/1786478686905-jvt4x.jpg,foto-whatsapp,actual,497,223,1920/q80,0.9779,,true,image/jpeg,image/jpeg,"public, max-age=3600",cabe,messages.content
true,chat-saliente,chat-media,57316·····99/1786478528098-qth4r.jpg,grafico-texto,actual,491,412,rescate 1920/q90/444,0.9729,,false,image/jpeg,image/jpeg,"public, max-age=3600","no cabe sin bajar de SSIM 0,95: escalón más ligero que conserva la calidad",messages.content
true,embudos,chat-media,embudos/formula-1-copia/1786766470787-q3e4t.jpg,foto-web,original,491,327,rescate 1920/q75,0.9562,0.9772,false,image/jpeg,image/jpeg,"public, max-age=31536000","no cabe sin bajar de SSIM 0,95: escalón más ligero que conserva la calidad",
true,embudos,chat-media,embudos/formula-1/1784842277663-pd60o.jpg,foto-web,original,491,327,rescate 1920/q75,0.9562,0.9772,false,image/jpeg,image/jpeg,"public, max-age=31536000","no cabe sin bajar de SSIM 0,95: escalón más ligero que conserva la calidad",messages.content
true,embudos,chat-media,embudos/formula-1/1786768279555-6nz10.jpg,foto-web,original,491,327,rescate 1920/q75,0.9562,0.9772,false,image/jpeg,image/jpeg,"public, max-age=31536000","no cabe sin bajar de SSIM 0,95: escalón más ligero que conserva la calidad",carritos_abandonados.datos | funnels.imagenes
true,ventas,chat-media,ventas/57316·····91/1784755874506-d8ko.jpg,foto-entrante,actual,486,287,1920/q85,0.9836,,true,image/jpeg,image/jpeg,"public, max-age=3600",cabe,
true,chat-saliente,chat-media,57311·····82/1786791772441-sdywt.png,foto-whatsapp,actual,486,41,1920/q85,0.9713,,true,image/png,image/jpeg,"public, max-age=3600",cabe,messages.content
true,chat-saliente,chat-media,57311·····28/1785185881730-hyco4.png,foto-whatsapp,actual,485,42,1920/q85,0.9803,,true,image/png,image/jpeg,"public, max-age=3600",cabe,messages.content
true,chat-saliente,chat-media,57310·····96/1785701008916-k3gty.png,foto-whatsapp,actual,482,41,1920/q85,0.9798,,true,image/png,image/jpeg,"public, max-age=3600",cabe,messages.content
true,embudos,chat-media,embudos/formula-1-copia/1786766388730-yhxpm.jpg,foto-web,original,481,318,rescate 1920/q75,0.9561,0.9772,false,image/jpeg,image/jpeg,"public, max-age=31536000","no cabe sin bajar de SSIM 0,95: escalón más ligero que conserva la calidad",
true,embudos,chat-media,embudos/formula-1-copia/1786766422439-gyqkk.jpg,foto-web,original,481,318,rescate 1920/q75,0.9561,0.9772,false,image/jpeg,image/jpeg,"public, max-age=31536000","no cabe sin bajar de SSIM 0,95: escalón más ligero que conserva la calidad",
true,embudos,chat-media,embudos/formula-1/1784842182320-5ifx7.jpg,foto-web,original,481,318,rescate 1920/q75,0.9561,0.9772,false,image/jpeg,image/jpeg,"public, max-age=31536000","no cabe sin bajar de SSIM 0,95: escalón más ligero que conserva la calidad",messages.content
true,embudos,chat-media,embudos/formula-1/1786768289540-u69ph.jpg,foto-web,original,481,318,rescate 1920/q75,0.9561,0.9772,false,image/jpeg,image/jpeg,"public, max-age=31536000","no cabe sin bajar de SSIM 0,95: escalón más ligero que conserva la calidad",carritos_abandonados.datos | funnels.imagenes
true,chat-saliente,chat-media,57316·····46/1788397253307-9ytb5.jpg,foto-whatsapp,actual,481,249,1920/q85,0.977,,true,image/jpeg,image/jpeg,"public, max-age=3600",cabe,messages.content
true,embudos,chat-media,embudos/formula-1-copia/1786757847833-b45nl.jpg,foto-web,original,480,225,1440/q75,0.9529,0.9887,true,image/jpeg,image/jpeg,"public, max-age=31536000",cabe,
true,embudos,chat-media,embudos/formula-1-copia/1786757968127-neh3s.jpg,foto-web,original,480,225,1440/q75,0.9529,0.9887,true,image/jpeg,image/jpeg,"public, max-age=31536000",cabe,
true,embudos,chat-media,embudos/formula-1-copia/1786758937749-cg908.jpg,foto-web,original,480,225,1440/q75,0.9529,0.9887,true,image/jpeg,image/jpeg,"public, max-age=31536000",cabe,
true,embudos,chat-media,embudos/formula-1/1784842026020-zhwkc.jpg,foto-web,original,480,225,1440/q75,0.9529,0.9887,true,image/jpeg,image/jpeg,"public, max-age=31536000",cabe,
true,embudos,chat-media,embudos/formula-1/1784842060769-69d3f.jpg,foto-web,original,480,225,1440/q75,0.9529,0.9887,true,image/jpeg,image/jpeg,"public, max-age=31536000",cabe,messages.content
true,embudos,chat-media,embudos/nacional-2026/1784604367317-058hg.jpg,foto-web,original,480,225,1440/q75,0.9529,0.9887,true,image/jpeg,image/jpeg,"public, max-age=31536000",cabe,funnels.imagenes
true,embudos,chat-media,embudos/nacional-2026/1784609222874-b1amt.jpg,foto-web,original,480,225,1440/q75,0.9529,0.9887,true,image/jpeg,image/jpeg,"public, max-age=31536000",cabe,funnels.variantes | messages.content | messages.reply_to
true,chat-saliente,chat-media,57302·····85/1790008231811-6y6aa.png,foto-whatsapp,actual,479,56,1920/q85,0.9911,,true,image/png,image/jpeg,"public, max-age=3600",cabe,messages.content
true,chat-saliente,chat-media,57300·····92/1789733262086-ib8c3.png,foto-whatsapp,actual,478,52,1920/q85,0.9852,,true,image/png,image/jpeg,"public, max-age=3600",cabe,messages.content | messages.reply_to
true,chat-saliente,chat-media,57314·····80/1787866580960-ksvv6.jpg,foto-whatsapp,actual,478,223,1920/q80,0.9673,,true,image/jpeg,image/jpeg,"public, max-age=3600",cabe,messages.content
true,chat-saliente,chat-media,57316·····99/1786478626071-hr0id.jpg,grafico-texto,actual,477,430,rescate 1920/q90/444,0.9779,,false,image/jpeg,image/jpeg,"public, max-age=3600","no cabe sin bajar de SSIM 0,95: escalón más ligero que conserva la calidad",messages.content
true,catalogo-imagenes,catalogo-imagenes,1789426229361-q1l6212twoo.jpeg,foto-whatsapp,actual,475,224,1920/q80,0.9744,,true,image/jpeg,image/jpeg,"public, max-age=3600",cabe,catalogo_colores.url_original
true,catalogo-imagenes,catalogo-imagenes,1789426240638-92dl0xw727.jpeg,foto-whatsapp,actual,474,219,1920/q80,0.9716,,true,image/jpeg,image/jpeg,"public, max-age=3600",cabe,catalogo_colores.url_original
true,catalogo,chat-media,catalogo/marcas/a849855b-162b-4dbe-b7cb-6701f694783b-gwlmkn.jpg,foto-whatsapp,original,473,220,1440/q75,0.954,0.9888,true,image/jpeg,image/jpeg,"public, max-age=31536000",cabe,
true,catalogo,chat-media,catalogo/marcas/1a35d60e-692d-447c-b01e-ed1a2f76afaf-a1i8iw.jpg,foto-whatsapp,original,472,220,1440/q75,0.9538,0.9887,true,image/jpeg,image/jpeg,"public, max-age=31536000",cabe,
true,catalogo,chat-media,catalogo/marcas/a849855b-162b-4dbe-b7cb-6701f694783b-s2-gwlmkn.jpg,foto-whatsapp,original,472,219,1440/q75,0.9532,0.9885,true,image/jpeg,image/jpeg,"public, max-age=31536000",cabe,catalogo_colores.url_imagen | clientes_funnelish.foto_producto | messages.content
false,entrantes,chat-media,entrantes/57310·····63/1785624744770-0dato.webp,foto-entrante,actual,472,472,,,,false,image/webp,,"public, max-age=3600",animada (71 fotogramas): el compresor la aplanaría,messages.content
true,chat-saliente,chat-media,57316·····46/1788397273437-8pa29.jpg,foto-whatsapp,actual,471,212,1920/q80,0.9716,,true,image/jpeg,image/jpeg,"public, max-age=3600",cabe,messages.content
true,chat-saliente,chat-media,57322·····63/1790382913222-s79p2.jpg,foto-whatsapp,actual,471,212,1920/q80,0.9716,,true,image/jpeg,image/jpeg,"public, max-age=3600",cabe,messages.content
true,catalogo,chat-media,catalogo/marcas/1a35d60e-692d-447c-b01e-ed1a2f76afaf-s2-a1i8iw.jpg,foto-whatsapp,original,471,219,1440/q75,0.953,0.9885,true,image/jpeg,image/jpeg,"public, max-age=31536000",cabe,catalogo_colores.url_imagen | clientes_funnelish.foto_producto | funnels.variantes | messages.content
true,chat-saliente,chat-media,57316·····99/1786478539380-q9byh.jpg,grafico-texto,actual,468,396,rescate 1920/q90/444,0.9764,,true,image/jpeg,image/jpeg,"public, max-age=3600",cabe como gráfico con texto (400 kB),messages.content
true,chat-saliente,chat-media,57300·····33/1784642536394-gn9g5.jpg,foto-whatsapp,actual,468,265,rescate 1920/q75,0.978,,false,image/jpeg,image/jpeg,"public, max-age=3600","no cabe sin bajar de SSIM 0,95: escalón más ligero que conserva la calidad",messages.content
true,chat-saliente,chat-media,57304·····85/1784940473859-88tyn.jpg,foto-whatsapp,actual,468,265,rescate 1920/q75,0.978,,false,image/jpeg,image/jpeg,"public, max-age=3600","no cabe sin bajar de SSIM 0,95: escalón más ligero que conserva la calidad",messages.content
true,chat-saliente,chat-media,57320·····07/1785004968556-ebpv2.jpg,foto-whatsapp,actual,468,265,rescate 1920/q75,0.978,,false,image/jpeg,image/jpeg,"public, max-age=3600","no cabe sin bajar de SSIM 0,95: escalón más ligero que conserva la calidad",messages.content
true,chat-saliente,chat-media,57321·····09/1785699129262-txrhp.jpg,foto-whatsapp,actual,468,265,rescate 1920/q75,0.978,,false,image/jpeg,image/jpeg,"public, max-age=3600","no cabe sin bajar de SSIM 0,95: escalón más ligero que conserva la calidad",messages.content
true,chat-saliente,chat-media,57322·····86/1784926011292-bx8rt.jpg,foto-whatsapp,actual,468,265,rescate 1920/q75,0.978,,false,image/jpeg,image/jpeg,"public, max-age=3600","no cabe sin bajar de SSIM 0,95: escalón más ligero que conserva la calidad",messages.content
true,chat-saliente,chat-media,57313·····25/1788950713495-2dbxk.png,foto-whatsapp,actual,463,37,1920/q85,0.9611,,true,image/png,image/jpeg,"public, max-age=3600",cabe,messages.content
true,chat-saliente,chat-media,57316·····99/1786478707894-tgszz.jpg,foto-whatsapp,actual,462,228,1920/q85,0.9695,,true,image/jpeg,image/jpeg,"public, max-age=3600",cabe,messages.content
true,chat-saliente,chat-media,57316·····99/1786478656530-qpl18.jpg,foto-whatsapp,actual,461,211,1920/q80,0.9711,,true,image/jpeg,image/jpeg,"public, max-age=3600",cabe,messages.content
true,chat-saliente,chat-media,57314·····30/1786541339501-qbdq4.png,foto-whatsapp,actual,458,42,1920/q85,0.9781,,true,image/png,image/jpeg,"public, max-age=3600",cabe,messages.content
true,chat-saliente,chat-media,57316·····99/1786478652598-fk63v.jpg,foto-whatsapp,actual,458,214,1920/q80,0.9739,,true,image/jpeg,image/jpeg,"public, max-age=3600",cabe,messages.content
false,entrantes,chat-media,entrantes/57310·····63/1785624829149-0u12o.webp,foto-entrante,actual,457,457,,,,false,image/webp,,"public, max-age=3600",animada (75 fotogramas): el compresor la aplanaría,messages.content
true,chat-saliente,chat-media,57301·····01/1789922202044-ax1cw.png,foto-whatsapp,actual,456,42,1920/q85,0.9775,,true,image/png,image/jpeg,"public, max-age=3600",cabe,messages.content
true,chat-saliente,chat-media,57301·····40/1788279932277-g7hbf.jpg,foto-whatsapp,actual,454,84,1920/q85,0.9835,,true,image/jpeg,image/jpeg,"public, max-age=3600",cabe,messages.content
true,chat-saliente,chat-media,57314·····80/1787866577381-0k0iq.jpg,foto-whatsapp,actual,451,219,1920/q80,0.9753,,true,image/jpeg,image/jpeg,"public, max-age=3600",cabe,messages.content
true,chat-saliente,chat-media,57320·····57/1785005105749-5dv8t.jpg,foto-whatsapp,actual,450,218,1920/q80,0.9753,,true,image/jpeg,image/jpeg,"public, max-age=3600",cabe,messages.content
true,embudos,chat-media,embudos/f1-escuderia-tk/1787454533349-w9536.jpg,foto-web,original,449,297,rescate 1920/q75,0.9504,0.9708,false,image/jpeg,image/jpeg,"public, max-age=31536000","no cabe sin bajar de SSIM 0,95: escalón más ligero que conserva la calidad",
true,embudos,chat-media,embudos/formula-1-copia/1786757773373-cf4as.jpg,foto-web,original,449,297,rescate 1920/q75,0.9504,0.9708,false,image/jpeg,image/jpeg,"public, max-age=31536000","no cabe sin bajar de SSIM 0,95: escalón más ligero que conserva la calidad",
true,embudos,chat-media,embudos/formula-1-copia/1786758880463-dkd96.jpg,foto-web,original,449,297,rescate 1920/q75,0.9504,0.9708,false,image/jpeg,image/jpeg,"public, max-age=31536000","no cabe sin bajar de SSIM 0,95: escalón más ligero que conserva la calidad",
true,embudos,chat-media,embudos/formula-1-copia/1786766406004-v82k0.jpg,foto-web,original,449,297,rescate 1920/q75,0.9504,0.9708,false,image/jpeg,image/jpeg,"public, max-age=31536000","no cabe sin bajar de SSIM 0,95: escalón más ligero que conserva la calidad",carritos_abandonados.datos | funnels.variantes
true,embudos,chat-media,embudos/formula-1/1784842007942-fpdo9.jpg,foto-web,original,449,297,rescate 1920/q75,0.9504,0.9708,false,image/jpeg,image/jpeg,"public, max-age=31536000","no cabe sin bajar de SSIM 0,95: escalón más ligero que conserva la calidad",messages.content
true,embudos,chat-media,embudos/formula-1/1786762448450-poaym.jpg,foto-web,original,449,297,rescate 1920/q75,0.9504,0.9708,false,image/jpeg,image/jpeg,"public, max-age=31536000","no cabe sin bajar de SSIM 0,95: escalón más ligero que conserva la calidad",carritos_abandonados.datos | funnels.imagenes
true,embudos,chat-media,embudos/nacional-2026/1784605048907-koe81.jpg,foto-web,original,449,297,rescate 1920/q75,0.9504,0.9708,false,image/jpeg,image/jpeg,"public, max-age=31536000","no cabe sin bajar de SSIM 0,95: escalón más ligero que conserva la calidad",
true,embudos,chat-media,embudos/nacional-2026/1784606320455-v9wyh.jpg,foto-web,original,449,297,rescate 1920/q75,0.9504,0.9708,false,image/jpeg,image/jpeg,"public, max-age=31536000","no cabe sin bajar de SSIM 0,95: escalón más ligero que conserva la calidad",funnels.variantes
true,embudos,chat-media,embudos/atl-nacional/1787714070297-qksfg.jpg,foto-web,original,448,360,rescate 1920/q80,0.9621,0.9733,false,image/jpeg,image/jpeg,"public, max-age=31536000","no cabe sin bajar de SSIM 0,95: escalón más ligero que conserva la calidad",carritos_abandonados.datos | funnels.variantes
true,chat-saliente,chat-media,57311·····52/1785453719404-gn0yk.png,foto-whatsapp,actual,447,42,1920/q85,0.9781,,true,image/png,image/jpeg,"public, max-age=3600",cabe,messages.content
true,chat-saliente,chat-media,57316·····99/1786478532379-cfl6v.jpg,grafico-texto,actual,446,375,rescate 1920/q90/444,0.976,,true,image/jpeg,image/jpeg,"public, max-age=3600",cabe como gráfico con texto (400 kB),messages.content
true,embudos,chat-media,embudos/formula-1-copia/1786757800646-k7osv.jpg,foto-web,original,446,243,1600/q75,0.9614,0.9841,true,image/jpeg,image/jpeg,"public, max-age=31536000",cabe,
true,embudos,chat-media,embudos/formula-1/1784842016774-qv49u.jpg,foto-web,original,446,243,1600/q75,0.9614,0.9841,true,image/jpeg,image/jpeg,"public, max-age=31536000",cabe,
true,embudos,chat-media,embudos/formula-1/1784842053439-6ljci.jpg,foto-web,original,446,243,1600/q75,0.9614,0.9841,true,image/jpeg,image/jpeg,"public, max-age=31536000",cabe,
true,embudos,chat-media,embudos/formula-1/1784842072849-dlopd.jpg,foto-web,original,446,243,1600/q75,0.9614,0.9841,true,image/jpeg,image/jpeg,"public, max-age=31536000",cabe,
true,embudos,chat-media,embudos/formula-1/1785180692596-rk1cy.jpg,foto-web,original,446,243,1600/q75,0.9614,0.9841,true,image/jpeg,image/jpeg,"public, max-age=31536000",cabe,
true,embudos,chat-media,embudos/nacional-2026/1784604373234-vof77.jpg,foto-web,original,446,243,1600/q75,0.9614,0.9841,true,image/jpeg,image/jpeg,"public, max-age=31536000",cabe,funnels.imagenes
true,embudos,chat-media,embudos/nacional-2026/1784604853874-4fzao.jpg,foto-web,original,446,243,1600/q75,0.9614,0.9841,true,image/jpeg,image/jpeg,"public, max-age=31536000",cabe,funnels.variantes | messages.content | messages.reply_to
true,embudos/chat,chat-media,embudos/chat/media-1785019291539-uuq6e.png,foto-whatsapp,original,446,243,1600/q75,0.9613,0.9841,true,image/jpeg,image/jpeg,"public, max-age=31536000",cabe,messages.content
true,embudos/chat,chat-media,embudos/chat/media-1785021221737-pkqeo.png,foto-whatsapp,original,446,243,1600/q75,0.9613,0.9841,true,image/jpeg,image/jpeg,"public, max-age=31536000",cabe,messages.content
false,entrantes,chat-media,entrantes/57317·····88/1787755157054-nk2vi.webp,foto-entrante,actual,441,441,,,,false,image/webp,,"public, max-age=3600",animada (71 fotogramas): el compresor la aplanaría,messages.content
true,ventas,chat-media,ventas/57302·····86/1786601617020-yabso.jpg,foto-entrante,actual,441,387,1920/q80,0.9913,,true,image/jpeg,image/jpeg,"public, max-age=3600",cabe,messages.content
true,ventas,chat-media,ventas/57320·····15/1786582183237-gu7hm.jpg,foto-entrante,actual,441,387,1920/q80,0.9913,,true,image/jpeg,image/jpeg,"public, max-age=3600",cabe,messages.content | messages.reply_to
true,ventas,chat-media,ventas/57316·····91/1784753893816-rqf7.jpg,foto-entrante,actual,441,267,1920/q85,0.9757,,true,image/jpeg,image/jpeg,"public, max-age=3600",cabe,
true,catalogo-imagenes,catalogo-imagenes,1784422244713-r2xgods5umt.jpeg,foto-whatsapp,actual,440,204,1920/q80,0.9731,,true,image/jpeg,image/jpeg,"public, max-age=3600",cabe,catalogo_colores.url_original | messages.content
true,embudos/chat,chat-media,embudos/chat/media-1786657760032-xqdnt.png,foto-whatsapp,original,438,230,1600/q75,0.9686,0.9956,true,image/jpeg,image/jpeg,"public, max-age=31536000",cabe,messages.content
true,ventas,chat-media,ventas/57313·····76/1786363008552-zkkmm.jpg,foto-entrante,actual,438,94,1920/q85,0.977,,true,image/jpeg,image/jpeg,"public, max-age=3600",cabe,messages.content
true,chat-saliente,chat-media,57320·····17/1786905735253-l9w2w.png,foto-whatsapp,actual,437,49,1920/q85,0.9852,,true,image/png,image/jpeg,"public, max-age=3600",cabe,messages.content
true,catalogo,chat-media,catalogo/marcas/37908dba-a2ef-4059-a2a6-d4e756d47049-gwlmkn.jpg,foto-whatsapp,original,431,233,1600/q75,0.9654,0.986,true,image/jpeg,image/jpeg,"public, max-age=31536000",cabe,clientes_funnelish.foto_producto | messages.content
true,catalogo,chat-media,catalogo/marcas/601d9c3a-eebb-458c-b063-86e1ac604289-d4qbza.jpg,foto-whatsapp,original,431,232,1600/q75,0.9652,0.9859,true,image/jpeg,image/jpeg,"public, max-age=31536000",cabe,clientes_funnelish.foto_producto | messages.content
true,catalogo,chat-media,catalogo/marcas/37908dba-a2ef-4059-a2a6-d4e756d47049-s2-gwlmkn.jpg,foto-whatsapp,original,430,231,1600/q75,0.9647,0.9857,true,image/jpeg,image/jpeg,"public, max-age=31536000",cabe,catalogo_colores.url_imagen | clientes_funnelish.foto_producto | messages.content
true,chat-saliente,chat-media,57300·····95/1785965966446-1xb10.png,foto-whatsapp,actual,430,41,1920/q85,0.9772,,true,image/png,image/jpeg,"public, max-age=3600",cabe,messages.content
true,catalogo,chat-media,catalogo/marcas/601d9c3a-eebb-458c-b063-86e1ac604289-s2-d4qbza.jpg,foto-whatsapp,original,429,231,1600/q75,0.9647,0.9857,true,image/jpeg,image/jpeg,"public, max-age=31536000",cabe,catalogo_colores.url_imagen | clientes_funnelish.foto_producto | funnels.variantes | messages.content | messages.reply_to
true,chat-saliente,chat-media,57314·····77/1784997585364-ads9v.png,foto-whatsapp,actual,427,72,1920/q85,0.9657,,true,image/png,image/jpeg,"public, max-age=3600",cabe,messages.content
true,chat-saliente,chat-media,57301·····49/1785424075482-um4oz.png,foto-whatsapp,actual,424,43,1920/q85,0.9806,,true,image/png,image/jpeg,"public, max-age=3600",cabe,messages.content
true,embudos/chat,chat-media,embudos/chat/media-1785460860220-rfod5.png,foto-whatsapp,original,424,228,1600/q75,0.9649,0.9859,true,image/jpeg,image/jpeg,"public, max-age=31536000",cabe,messages.content
false,entrantes,chat-media,entrantes/57305·····52/1785541349035-lblft.webp,foto-entrante,actual,420,420,,,,false,image/webp,,"public, max-age=3600",animada (79 fotogramas): el compresor la aplanaría,messages.content
true,chat-saliente,chat-media,57312·····16/1786478343216-m5na7.png,foto-whatsapp,actual,419,42,1920/q85,0.9882,,true,image/png,image/jpeg,"public, max-age=3600",cabe,messages.content
true,ventas,chat-media,ventas/57313·····96/1787403568357-bp7dg.jpg,foto-entrante,actual,419,236,1920/q85,0.9555,,true,image/jpeg,image/jpeg,"public, max-age=3600",cabe,messages.content
true,ventas,chat-media,ventas/57313·····96/1787404101137-66y6z.jpg,foto-entrante,actual,419,236,1920/q85,0.9555,,true,image/jpeg,image/jpeg,"public, max-age=3600",cabe,messages.content | messages.reply_to
true,catalogo-imagenes,catalogo-imagenes,1785018879867-ax9m2q5zqn.jpg,foto-whatsapp,actual,416,235,1920/q85,0.9831,,true,image/jpeg,image/jpeg,"public, max-age=3600",cabe,catalogo_colores.url_original | funnels.variantes | messages.content
true,chat-saliente,chat-media,57316·····99/1786478622562-l6p16.jpg,grafico-texto,actual,416,346,rescate 1920/q90/444,0.9777,,true,image/jpeg,image/jpeg,"public, max-age=3600",cabe como gráfico con texto (400 kB),messages.content
true,chat-saliente,chat-media,57320·····07/1785194192698-9sma3.png,foto-whatsapp,actual,411,40,1920/q85,0.9883,,true,image/png,image/jpeg,"public, max-age=3600",cabe,messages.content
true,chat-saliente,chat-media,57321·····18/1788130023148-tluqa.jpg,foto-whatsapp,actual,406,197,1600/q75,0.9651,,true,image/jpeg,image/jpeg,"public, max-age=3600",cabe,messages.content
true,ventas,chat-media,ventas/57302·····66/1786154804934-p1n53.jpg,foto-entrante,actual,405,396,1920/q85,0.996,,true,image/jpeg,image/jpeg,"public, max-age=3600",cabe,messages.content
true,ventas,chat-media,ventas/57312·····52/1785966402234-xg3x2.jpg,foto-entrante,actual,405,396,1920/q85,0.996,,true,image/jpeg,image/jpeg,"public, max-age=3600",cabe,messages.content
true,ventas,chat-media,ventas/57312·····52/1785967118424-9y362.jpg,foto-entrante,actual,405,396,1920/q85,0.996,,true,image/jpeg,image/jpeg,"public, max-age=3600",cabe,messages.content
true,chat-saliente,chat-media,593963936623/1785543118635-e6ctp.png,foto-whatsapp,actual,403,40,1920/q85,0.9886,,true,image/png,image/jpeg,"public, max-age=3600",cabe,messages.content
true,ventas,chat-media,ventas/57300·····42/1786574634218-4ptoj.jpg,foto-entrante,actual,401,388,1920/q85,0.9958,,true,image/jpeg,image/jpeg,"public, max-age=3600",cabe,
true,ventas,chat-media,ventas/57300·····42/1786574656846-e8zb4.jpg,foto-entrante,actual,401,388,1920/q85,0.9958,,true,image/jpeg,image/jpeg,"public, max-age=3600",cabe,messages.content
true,ventas,chat-media,ventas/57302·····86/1786601617532-30zwo.jpg,foto-entrante,actual,401,388,1920/q85,0.9958,,true,image/jpeg,image/jpeg,"public, max-age=3600",cabe,messages.content
true,ventas,chat-media,ventas/57320·····15/1786582046673-l6ows.jpg,foto-entrante,actual,401,388,1920/q85,0.9958,,true,image/jpeg,image/jpeg,"public, max-age=3600",cabe,messages.content
true,chat-saliente,chat-media,57314·····84/1787845627240-6pk9g.png,foto-whatsapp,actual,400,115,1920/q85,0.9957,,true,image/png,image/jpeg,"public, max-age=3600",cabe,messages.content
true,embudos,chat-media,embudos/promociones/1790194953407-2qk8l.jpg,foto-web,actual,396,246,1920/q75,0.9631,,true,image/jpeg,image/jpeg,"public, max-age=3600",cabe,promociones.fotos
true,chat-saliente,chat-media,57318·····85/1787848769709-oel8y.png,foto-whatsapp,actual,392,45,1920/q85,0.9947,,true,image/png,image/jpeg,"public, max-age=3600",cabe,messages.content
true,catalogo,chat-media,catalogo/marcas/f2bd8092-c3ac-458f-801c-7d4013d55862-xay92h.jpg,foto-whatsapp,original,390,201,1600/q75,0.9577,0.983,true,image/jpeg,image/jpeg,"public, max-age=31536000",cabe,messages.content
true,chat-saliente,chat-media,593963936623/1785417419631-8qyjp.png,foto-whatsapp,actual,390,40,1920/q85,0.9886,,true,image/png,image/jpeg,"public, max-age=3600",cabe,messages.content
true,catalogo,chat-media,catalogo/marcas/f2bd8092-c3ac-458f-801c-7d4013d55862-s2-xay92h.jpg,foto-whatsapp,original,390,200,1600/q75,0.957,0.9828,true,image/jpeg,image/jpeg,"public, max-age=31536000",cabe,catalogo_colores.url_imagen | messages.content
true,embudos,chat-media,embudos/formula-1-copia/1786757820808-5vd18.jpg,foto-web,original,382,204,1600/q75,0.9677,0.9874,true,image/jpeg,image/jpeg,"public, max-age=31536000",cabe,
true,embudos,chat-media,embudos/formula-1-copia/1786757946314-3bbuh.jpg,foto-web,original,382,204,1600/q75,0.9677,0.9874,true,image/jpeg,image/jpeg,"public, max-age=31536000",cabe,
true,embudos,chat-media,embudos/formula-1-copia/1786757981870-highv.jpg,foto-web,original,382,204,1600/q75,0.9677,0.9874,true,image/jpeg,image/jpeg,"public, max-age=31536000",cabe,
true,embudos,chat-media,embudos/formula-1-copia/1786758918966-vvxqm.jpg,foto-web,original,382,204,1600/q75,0.9677,0.9874,true,image/jpeg,image/jpeg,"public, max-age=31536000",cabe,
true,embudos,chat-media,embudos/formula-1/1784842029404-hr20q.jpg,foto-web,original,382,204,1600/q75,0.9677,0.9874,true,image/jpeg,image/jpeg,"public, max-age=31536000",cabe,
true,embudos,chat-media,embudos/formula-1/1784842068174-pq8wz.jpg,foto-web,original,382,204,1600/q75,0.9677,0.9874,true,image/jpeg,image/jpeg,"public, max-age=31536000",cabe,
true,embudos,chat-media,embudos/formula-1/1785180702923-kgy86.jpg,foto-web,original,382,204,1600/q75,0.9677,0.9874,true,image/jpeg,image/jpeg,"public, max-age=31536000",cabe,
true,embudos,chat-media,embudos/nacional-2026/1784604361190-r7ono.jpg,foto-web,original,382,204,1600/q75,0.9677,0.9874,true,image/jpeg,image/jpeg,"public, max-age=31536000",cabe,funnels.imagenes
true,embudos,chat-media,embudos/nacional-2026/1784604819333-001tu.jpg,foto-web,original,382,204,1600/q75,0.9677,0.9874,true,image/jpeg,image/jpeg,"public, max-age=31536000",cabe,funnels.variantes | messages.content | messages.reply_to
true,catalogo,chat-media,catalogo/marcas/44876b27-ca75-4012-9f18-e032658165a1-buvx1w.jpg,foto-whatsapp,original,381,204,1600/q75,0.9686,0.9878,true,image/jpeg,image/jpeg,"public, max-age=31536000",cabe,clientes_funnelish.foto_producto | messages.content
true,embudos/chat,chat-media,embudos/chat/media-1785442942956-6twg1.png,foto-whatsapp,original,381,204,1600/q75,0.9686,0.9878,true,image/jpeg,image/jpeg,"public, max-age=31536000",cabe,messages.content
true,embudos,chat-media,embudos/formula-1-copia/1786757786584-tiaw8.jpg,foto-web,original,381,203,1600/q75,0.965,0.9871,true,image/jpeg,image/jpeg,"public, max-age=31536000",cabe,
true,embudos,chat-media,embudos/formula-1-copia/1786757955949-5jce0.jpg,foto-web,original,381,203,1600/q75,0.965,0.9871,true,image/jpeg,image/jpeg,"public, max-age=31536000",cabe,
true,embudos,chat-media,embudos/formula-1-copia/1786757979173-afeqw.jpg,foto-web,original,381,203,1600/q75,0.965,0.9871,true,image/jpeg,image/jpeg,"public, max-age=31536000",cabe,
true,embudos,chat-media,embudos/formula-1-copia/1786758898370-p7prp.jpg,foto-web,original,381,203,1600/q75,0.965,0.9871,true,image/jpeg,image/jpeg,"public, max-age=31536000",cabe,
true,embudos,chat-media,embudos/formula-1/1784841277152-l39ro.jpg,foto-web,original,381,203,1600/q75,0.965,0.9871,true,image/jpeg,image/jpeg,"public, max-age=31536000",cabe,
true,embudos,chat-media,embudos/formula-1/1784842013216-gl165.jpg,foto-web,original,381,203,1600/q75,0.965,0.9871,true,image/jpeg,image/jpeg,"public, max-age=31536000",cabe,
true,embudos,chat-media,embudos/formula-1/1784842048057-60h2w.jpg,foto-web,original,381,203,1600/q75,0.965,0.9871,true,image/jpeg,image/jpeg,"public, max-age=31536000",cabe,
true,embudos,chat-media,embudos/formula-1/1784842088546-g193i.jpg,foto-web,original,381,203,1600/q75,0.965,0.9871,true,image/jpeg,image/jpeg,"public, max-age=31536000",cabe,
true,embudos,chat-media,embudos/formula-1/1785180686342-x8egh.jpg,foto-web,original,381,203,1600/q75,0.965,0.9871,true,image/jpeg,image/jpeg,"public, max-age=31536000",cabe,
true,embudos,chat-media,embudos/nacional-2026/1784604353581-c1b59.jpg,foto-web,original,381,203,1600/q75,0.965,0.9871,true,image/jpeg,image/jpeg,"public, max-age=31536000",cabe,funnels.imagenes
true,embudos,chat-media,embudos/nacional-2026/1784604843670-653xb.jpg,foto-web,original,381,203,1600/q75,0.965,0.9871,true,image/jpeg,image/jpeg,"public, max-age=31536000",cabe,funnels.variantes | messages.content | messages.reply_to
false,embudos,chat-media,embudos/FORMULA 1/1784739411044-axhm2.jpg,foto-web,original,381,381,rescate 1920/q85,0.954,0.954,false,image/jpeg,image/jpeg,"public, max-age=31536000",no ahorra,carritos_abandonados.datos | funnels.imagenes
true,chat-saliente,chat-media,57321·····07/1786658241852-f58jm.png,foto-whatsapp,actual,381,60,1920/q85,0.9698,,true,image/png,image/jpeg,"public, max-age=3600",cabe,messages.content
true,catalogo,chat-media,catalogo/marcas/37c9b648-98be-4221-9a3a-79f54800994e-gwlmkn.jpg,foto-whatsapp,original,380,204,1600/q75,0.9684,0.9877,true,image/jpeg,image/jpeg,"public, max-age=31536000",cabe,clientes_funnelish.foto_producto | messages.content
true,catalogo,chat-media,catalogo/marcas/44876b27-ca75-4012-9f18-e032658165a1-s2-buvx1w.jpg,foto-whatsapp,original,379,203,1600/q75,0.9678,0.9874,true,image/jpeg,image/jpeg,"public, max-age=31536000",cabe,catalogo_colores.url_imagen | clientes_funnelish.foto_producto | funnels.variantes | messages.content
true,embudos/chat,chat-media,embudos/chat/media-1785970454506-mhffc.png,foto-whatsapp,original,379,203,1600/q75,0.9678,0.9874,true,image/jpeg,image/jpeg,"public, max-age=31536000",cabe,messages.content
true,catalogo,chat-media,catalogo/marcas/37c9b648-98be-4221-9a3a-79f54800994e-s2-gwlmkn.jpg,foto-whatsapp,original,379,203,1600/q75,0.9678,0.9874,true,image/jpeg,image/jpeg,"public, max-age=31536000",cabe,catalogo_colores.url_imagen | clientes_funnelish.foto_producto | messages.content
true,embudos,chat-media,embudos/f1-escuderia-tk/1787454546115-lmglu.jpg,foto-web,original,379,198,1600/q75,0.9643,0.9854,true,image/jpeg,image/jpeg,"public, max-age=31536000",cabe,
true,embudos,chat-media,embudos/formula-1-copia/1786757832451-0uk5l.jpg,foto-web,original,379,198,1600/q75,0.9643,0.9854,true,image/jpeg,image/jpeg,"public, max-age=31536000",cabe,
true,embudos,chat-media,embudos/formula-1-copia/1786757938179-2g7fl.jpg,foto-web,original,379,198,1600/q75,0.9643,0.9854,true,image/jpeg,image/jpeg,"public, max-age=31536000",cabe,
true,embudos,chat-media,embudos/formula-1-copia/1786758968550-9foub.jpg,foto-web,original,379,198,1600/q75,0.9643,0.9854,true,image/jpeg,image/jpeg,"public, max-age=31536000",cabe,
true,embudos,chat-media,embudos/formula-1/1784842019860-jllh9.jpg,foto-web,original,379,198,1600/q75,0.9643,0.9854,true,image/jpeg,image/jpeg,"public, max-age=31536000",cabe,
true,embudos,chat-media,embudos/formula-1/1784842057540-yxdsv.jpg,foto-web,original,379,198,1600/q75,0.9643,0.9854,true,image/jpeg,image/jpeg,"public, max-age=31536000",cabe,
true,embudos,chat-media,embudos/formula-1/1784842080460-jp4lf.jpg,foto-web,original,379,198,1600/q75,0.9643,0.9854,true,image/jpeg,image/jpeg,"public, max-age=31536000",cabe,
true,embudos,chat-media,embudos/nacional-2026/1784604377958-fjxls.jpg,foto-web,original,379,198,1600/q75,0.9643,0.9854,true,image/jpeg,image/jpeg,"public, max-age=31536000",cabe,funnels.imagenes
true,embudos,chat-media,embudos/nacional-2026/1784604789918-iiyoq.jpg,foto-web,original,379,198,1600/q75,0.9643,0.9854,true,image/jpeg,image/jpeg,"public, max-age=31536000",cabe,funnels.variantes | messages.content | messages.reply_to
true,chat-saliente,chat-media,57311·····18/1790219831807-pdgvb.png,foto-whatsapp,actual,378,31,1920/q85,0.9858,,true,image/png,image/jpeg,"public, max-age=3600",cabe,messages.content
true,chat-saliente,chat-media,57312·····41/1784995153201-1uqcx.png,foto-whatsapp,actual,376,51,1920/q85,0.9931,,true,image/png,image/jpeg,"public, max-age=3600",cabe,messages.content
true,chat-saliente,chat-media,57315·····16/1784995381102-enq5p.png,foto-whatsapp,actual,376,51,1920/q85,0.9931,,true,image/png,image/jpeg,"public, max-age=3600",cabe,messages.content | messages.reply_to
true,catalogo-imagenes,catalogo-imagenes,1784335381055-ze13ozbmuu.jpeg,foto-whatsapp,actual,376,220,1920/q85,0.9772,,true,image/jpeg,image/jpeg,"public, max-age=3600",cabe,catalogo_colores.url_original | messages.content
true,chat-saliente,chat-media,57302·····91/1785710874862-9g1bx.png,foto-whatsapp,actual,374,39,1920/q85,0.989,,true,image/png,image/jpeg,"public, max-age=3600",cabe,messages.content
true,chat-saliente,chat-media,57315·····32/1787800063716-esmoz.png,foto-whatsapp,actual,373,29,1920/q85,0.9684,,true,image/png,image/jpeg,"public, max-age=3600",cabe,messages.content
false,embudos,chat-media,embudos/FORMULA 1/1784739417083-6f4jy.jpg,foto-web,original,373,373,rescate 1920/q85,0.9524,0.9524,false,image/jpeg,image/jpeg,"public, max-age=31536000",no ahorra,
true,catalogo,chat-media,catalogo/marcas/cbd9d125-dcd6-4fb0-b043-a908ba12b9c3-gwlmkn.jpg,foto-whatsapp,original,372,198,1600/q75,0.9659,0.9869,true,image/jpeg,image/jpeg,"public, max-age=31536000",cabe,clientes_funnelish.foto_producto | messages.content
true,catalogo,chat-media,catalogo/marcas/efa03f69-ada3-4941-b59f-e427adb5f5bd-vqgqdt.jpg,foto-whatsapp,original,372,198,1600/q75,0.9658,0.9868,true,image/jpeg,image/jpeg,"public, max-age=31536000",cabe,clientes_funnelish.foto_producto | messages.content
true,embudos/chat,chat-media,embudos/chat/media-1785677237576-5ewlw.png,foto-whatsapp,original,372,198,1600/q75,0.9658,0.9868,true,image/jpeg,image/jpeg,"public, max-age=31536000",cabe,messages.content
true,catalogo,chat-media,catalogo/marcas/cbd9d125-dcd6-4fb0-b043-a908ba12b9c3-s2-gwlmkn.jpg,foto-whatsapp,original,371,197,1600/q75,0.9652,0.9866,true,image/jpeg,image/jpeg,"public, max-age=31536000",cabe,catalogo_colores.url_imagen | clientes_funnelish.foto_producto | messages.content
true,embudos/chat,chat-media,embudos/chat/media-1785852244683-68wdn.png,foto-whatsapp,original,371,197,1600/q75,0.9652,0.9866,true,image/jpeg,image/jpeg,"public, max-age=31536000",cabe,messages.content
true,embudos/chat,chat-media,embudos/chat/media-1786204828245-qphds.png,foto-whatsapp,original,371,197,1600/q75,0.9652,0.9866,true,image/jpeg,image/jpeg,"public, max-age=31536000",cabe,messages.content
true,embudos/chat,chat-media,embudos/chat/media-1787168273820-25jok.png,foto-whatsapp,original,371,197,1600/q75,0.9652,0.9866,true,image/jpeg,image/jpeg,"public, max-age=31536000",cabe,messages.content
true,catalogo,chat-media,catalogo/marcas/efa03f69-ada3-4941-b59f-e427adb5f5bd-s2-vqgqdt.jpg,foto-whatsapp,original,370,196,1600/q75,0.9652,0.9866,true,image/jpeg,image/jpeg,"public, max-age=31536000",cabe,catalogo_colores.url_imagen | clientes_funnelish.foto_producto | funnels.variantes | messages.content | messages.reply_to
true,embudos/chat,chat-media,embudos/chat/media-1786112415609-se9sz.png,foto-whatsapp,original,370,196,1600/q75,0.9652,0.9866,true,image/jpeg,image/jpeg,"public, max-age=31536000",cabe,messages.content
true,embudos/chat,chat-media,embudos/chat/media-1786118684310-o5rch.png,foto-whatsapp,original,370,196,1600/q75,0.9652,0.9866,true,image/jpeg,image/jpeg,"public, max-age=31536000",cabe,messages.content
true,chat-saliente,chat-media,57316·····99/1786478632821-q64fp.jpg,foto-whatsapp,actual,364,220,1920/q85,0.979,,true,image/jpeg,image/jpeg,"public, max-age=3600",cabe,messages.content
true,catalogo,chat-media,catalogo/marcas/82808fe1-f3c0-445e-b146-ed0400031378-dx73bb.jpg,foto-whatsapp,original,362,191,1600/q75,0.966,0.9861,true,image/jpeg,image/jpeg,"public, max-age=31536000",cabe,clientes_funnelish.foto_producto | messages.content
true,catalogo,chat-media,catalogo/marcas/d809dc3a-0c67-4147-8ff9-850cb743bf9e-gwlmkn.jpg,foto-whatsapp,original,361,191,1600/q75,0.9659,0.9861,true,image/jpeg,image/jpeg,"public, max-age=31536000",cabe,clientes_funnelish.foto_producto | messages.content
true,catalogo,chat-media,catalogo/marcas/82808fe1-f3c0-445e-b146-ed0400031378-s2-dx73bb.jpg,foto-whatsapp,original,360,189,1600/q75,0.9653,0.9858,true,image/jpeg,image/jpeg,"public, max-age=31536000",cabe,catalogo_colores.url_imagen | clientes_funnelish.foto_producto | funnels.variantes | messages.content
true,embudos/chat,chat-media,embudos/chat/media-1785951197571-grm4r.png,foto-whatsapp,original,360,189,1600/q75,0.9653,0.9858,true,image/jpeg,image/jpeg,"public, max-age=31536000",cabe,messages.content
true,catalogo,chat-media,catalogo/marcas/d809dc3a-0c67-4147-8ff9-850cb743bf9e-s2-gwlmkn.jpg,foto-whatsapp,original,360,189,1600/q75,0.9653,0.9858,true,image/jpeg,image/jpeg,"public, max-age=31536000",cabe,catalogo_colores.url_imagen | clientes_funnelish.foto_producto | messages.content
true,chat-saliente,chat-media,57323·····88/1790218171397-3zndx.jpg,foto-whatsapp,actual,359,203,1920/q85,0.9775,,true,image/jpeg,image/jpeg,"public, max-age=3600",cabe,messages.content
true,embudos/chat,chat-media,embudos/chat/media-1785104383164-jkiet.png,foto-whatsapp,original,357,246,1920/q75,0.9755,0.986,true,image/jpeg,image/jpeg,"public, max-age=31536000",cabe,messages.content
true,embudos/chat,chat-media,embudos/chat/media-1785535228562-grnrx.png,foto-whatsapp,original,357,246,1920/q75,0.9755,0.986,true,image/jpeg,image/jpeg,"public, max-age=31536000",cabe,messages.content
true,embudos,chat-media,embudos/FORMULA 1/1784739424188-slutm.jpg,foto-web,original,351,265,rescate 1920/q75,0.978,0.9867,false,image/jpeg,image/jpeg,"public, max-age=31536000","no cabe sin bajar de SSIM 0,95: escalón más ligero que conserva la calidad",
true,embudos,chat-media,embudos/formula-1-tk/1787972434080-k3jh9.jpg,foto-web,actual,350,202,1920/q75,0.9613,,true,image/jpeg,image/jpeg,"public, max-age=3600",cabe,carritos_abandonados.datos | funnels.imagenes | funnels.layout
true,chat-saliente,chat-media,57314·····37/1786543476229-sup9w.png,foto-whatsapp,actual,348,31,1920/q85,0.9896,,true,image/png,image/jpeg,"public, max-age=3600",cabe,messages.content
true,embudos,chat-media,embudos/promociones/1790006937099-m7nnp.jpg,foto-web,actual,345,207,1920/q75,0.966,,true,image/jpeg,image/jpeg,"public, max-age=3600",cabe,promociones.fotos
true,catalogo,chat-media,catalogo/marcas/ee283d3a-4a32-4f30-a874-067b3d530bab-u0itxw.jpg,foto-whatsapp,original,341,238,1920/q75,0.9733,0.9855,true,image/jpeg,image/jpeg,"public, max-age=31536000",cabe,
true,catalogo,chat-media,catalogo/marcas/ee283d3a-4a32-4f30-a874-067b3d530bab-s2-u0itxw.jpg,foto-whatsapp,original,340,237,1920/q75,0.9728,0.9852,true,image/jpeg,image/jpeg,"public, max-age=31536000",cabe,catalogo_colores.url_imagen
true,chat-saliente,chat-media,57314·····84/1788204678332-j9yf5.png,foto-whatsapp,actual,335,56,1920/q85,0.9924,,true,image/png,image/jpeg,"public, max-age=3600",cabe,messages.content
true,chat-saliente,chat-media,57312·····16/1785530005431-kwpvh.png,foto-whatsapp,actual,332,35,1920/q85,0.9899,,true,image/png,image/jpeg,"public, max-age=3600",cabe,messages.content
true,embudos,chat-media,embudos/VOLKSWAGEN/1785963119212-dp1qh.jpg,foto-web,original,332,223,1920/q75,0.9712,0.984,true,image/jpeg,image/jpeg,"public, max-age=31536000",cabe,funnels.imagenes
true,embudos,chat-media,embudos/VOLKSWAGEN/1785963370614-ws8nm.jpg,foto-web,original,332,223,1920/q75,0.9712,0.984,true,image/jpeg,image/jpeg,"public, max-age=31536000",cabe,funnels.variantes
true,embudos,chat-media,embudos/volkswagen/1785989010760-t024o.jpg,foto-web,original,332,223,1920/q75,0.9712,0.984,true,image/jpeg,image/jpeg,"public, max-age=31536000",cabe,
true,chat-saliente,chat-media,57322·····98/1788358432814-8zz6a.png,foto-whatsapp,actual,331,35,1920/q85,0.9819,,true,image/png,image/jpeg,"public, max-age=3600",cabe,messages.content
true,chat-saliente,chat-media,57322·····98/1788358804042-3mgtm.png,foto-whatsapp,actual,331,35,1920/q85,0.9819,,true,image/png,image/jpeg,"public, max-age=3600",cabe,messages.content
true,chat-saliente,chat-media,57314·····18/1784671492830-bm4go.jpg,foto-whatsapp,actual,331,190,1920/q85,0.9757,,true,image/jpeg,image/jpeg,"public, max-age=3600",cabe,
true,catalogo-imagenes,catalogo-imagenes,1784335273340-0niv7g5dq0zr.jpeg,foto-whatsapp,actual,331,190,1920/q85,0.9757,,true,image/jpeg,image/jpeg,"public, max-age=3600",cabe,catalogo_colores.url_original | messages.content
true,catalogo-imagenes,catalogo-imagenes,1784335296840-ym2iepp6bu.jpeg,foto-whatsapp,actual,331,188,1920/q85,0.9739,,true,image/jpeg,image/jpeg,"public, max-age=3600",cabe,catalogo_colores.url_original | messages.content
true,chat-saliente,chat-media,57316·····99/1786478711242-nof4u.jpg,foto-whatsapp,actual,328,171,1920/q85,0.9529,,true,image/jpeg,image/jpeg,"public, max-age=3600",cabe,messages.content
true,catalogo-imagenes,catalogo-imagenes,1784422225000-98w47xdv5og.jpeg,foto-whatsapp,actual,328,171,1920/q85,0.9529,,true,image/jpeg,image/jpeg,"public, max-age=3600",cabe,catalogo_colores.url_original
true,embudos,chat-media,embudos/promociones/1790194958588-vr7qy.jpg,foto-web,actual,325,244,1920/q80,0.9797,,true,image/jpeg,image/jpeg,"public, max-age=3600",cabe,promociones.fotos
true,packs,chat-media,packs/pack-2nse7d__v3.jpg,foto-whatsapp,actual,323,242,1920/q85,0.9907,,true,image/jpeg,image/jpeg,"public, max-age=3600",cabe,clientes_funnelish.foto_producto | messages.content
true,embudos,chat-media,embudos/tribal/1787772454331-8npli.jpg,foto-web,original,322,227,1920/q75,0.9793,0.9881,true,image/jpeg,image/jpeg,"public, max-age=31536000",cabe,funnels.variantes
true,catalogo,chat-media,catalogo/marcas/10fb77e4-6708-4a89-9fe2-8d8b74b77687-u6b896.jpg,foto-whatsapp,original,321,218,1920/q75,0.9742,0.9853,true,image/jpeg,image/jpeg,"public, max-age=31536000",cabe,
true,catalogo,chat-media,catalogo/marcas/10fb77e4-6708-4a89-9fe2-8d8b74b77687-s2-u6b896.jpg,foto-whatsapp,original,320,218,1920/q75,0.9736,0.985,true,image/jpeg,image/jpeg,"public, max-age=31536000",cabe,catalogo_colores.url_imagen
true,catalogo,chat-media,catalogo/marcas/392a3784-cb82-46d8-9111-52a5b0771c99-178-s2-2esm97.jpg,foto-whatsapp,original,319,225,1920/q75,0.9789,0.9874,true,image/jpeg,image/jpeg,"public, max-age=31536000",cabe,catalogo_colores.url_imagen | funnels.variantes | messages.content
true,catalogo,chat-media,catalogo/marcas/1df066d0-afcd-4b72-9d89-fd9659e5aea2-178-s2-qj1i6w.jpg,foto-whatsapp,original,318,214,1920/q75,0.9716,0.9843,true,image/jpeg,image/jpeg,"public, max-age=31536000",cabe,catalogo_colores.url_imagen | clientes_funnelish.foto_producto | messages.content
true,chat-saliente,chat-media,57318·····99/1784991712040-l0943.png,foto-whatsapp,actual,316,30,1920/q85,0.9781,,true,image/png,image/jpeg,"public, max-age=3600",cabe,messages.content
true,chat-saliente,chat-media,57318·····99/1784991311324-1tye7.png,foto-whatsapp,actual,315,29,1920/q85,0.9782,,true,image/png,image/jpeg,"public, max-age=3600",cabe,messages.content
true,chat-saliente,chat-media,57320·····55/1786479319229-423g1.png,foto-whatsapp,actual,314,32,1920/q85,0.9898,,true,image/png,image/jpeg,"public, max-age=3600",cabe,messages.content | messages.reply_to
true,chat-saliente,chat-media,57320·····55/1786485034515-pltsg.png,foto-whatsapp,actual,314,32,1920/q85,0.9898,,true,image/png,image/jpeg,"public, max-age=3600",cabe,messages.content
true,chat-saliente,chat-media,57310·····28/1786998146544-tj4j3.png,foto-whatsapp,actual,312,34,1920/q85,0.9902,,true,image/png,image/jpeg,"public, max-age=3600",cabe,messages.content
true,embudos,chat-media,embudos/america-fc-copia/1786205269533-zbth4.jpg,foto-web,original,312,226,1920/q75,0.9516,0.9672,true,image/jpeg,image/jpeg,"public, max-age=31536000",cabe,
true,embudos,chat-media,embudos/Parejas/1786201890235-lsvds.jpg,foto-web,original,312,226,1920/q75,0.9516,0.9672,true,image/jpeg,image/jpeg,"public, max-age=31536000",cabe,
true,embudos,chat-media,embudos/Parejas/1786202903933-7g757.jpg,foto-web,original,312,226,1920/q75,0.9516,0.9672,true,image/jpeg,image/jpeg,"public, max-age=31536000",cabe,
true,embudos,chat-media,embudos/formula-1-tk/1787972413875-xt8pt.jpg,foto-web,actual,312,246,1920/q80,0.9826,,true,image/jpeg,image/jpeg,"public, max-age=3600",cabe,funnels.layout
true,embudos,chat-media,embudos/formula-1-tk/1787972427818-bkp91.jpg,foto-web,actual,312,246,1920/q80,0.9826,,true,image/jpeg,image/jpeg,"public, max-age=3600",cabe,carritos_abandonados.datos | funnels.imagenes | funnels.layout
true,chat-saliente,chat-media,57322·····98/1788354912268-zois4.png,foto-whatsapp,actual,311,43,1920/q85,0.9801,,true,image/png,image/jpeg,"public, max-age=3600",cabe,messages.content
false,embudos,chat-media,embudos/FORMULA 1/1784739405018-2s5q7.jpg,grafico-texto,original,311,452,rescate 1440/q90/444,0.9605,0.9415,false,image/jpeg,image/jpeg,"public, max-age=31536000",no ahorra,carritos_abandonados.datos | funnels.imagenes
false,embudos,chat-media,embudos/pareja/1786211331362-ntl5b.jpg,foto-web,original,304,304,rescate 1920/q85,0.9546,0.9546,false,image/jpeg,image/jpeg,"public, max-age=31536000",no ahorra,funnels.variantes
false,embudos,chat-media,embudos/Parejas/1786201911532-d5emj.jpg,foto-web,original,304,304,rescate 1920/q85,0.9546,0.9546,false,image/jpeg,image/jpeg,"public, max-age=31536000",no ahorra,
true,embudos,chat-media,embudos/promociones/1790174544782-m206v.jpg,foto-web,actual,302,245,1920/q80,0.9803,,true,image/jpeg,image/jpeg,"public, max-age=3600",cabe,promociones.fotos
true,embudos,chat-media,embudos/colombia/1787543177290-a8thu.png,foto-web,original,300,218,1920/q75,0.962,0.9738,true,image/jpeg,image/jpeg,"public, max-age=31536000",cabe,funnels.imagenes | funnels.layout
true,embudos,chat-media,embudos/PAREJA /1786211280690-wbj44.jpg,foto-web,original,300,217,1920/q75,0.9534,0.9681,true,image/jpeg,image/jpeg,"public, max-age=31536000",cabe,funnels.variantes
true,embudos,chat-media,embudos/Parejas/1786201897473-wq4jk.jpg,foto-web,original,300,217,1920/q75,0.9534,0.9681,true,image/jpeg,image/jpeg,"public, max-age=31536000",cabe,
true,chat-saliente,chat-media,57311·····69/1786622125572-mq3j6.png,foto-whatsapp,actual,298,28,1920/q85,0.9904,,true,image/png,image/jpeg,"public, max-age=3600",cabe,messages.content
false,embudos,chat-media,embudos/formula-1/1784838994022-01m6z.jpg,grafico-texto,original,298,502,rescate 1920/q90/444,0.9675,0.9484,false,image/jpeg,image/jpeg,"public, max-age=31536000",no ahorra,
false,embudos,chat-media,embudos/colombia/1787543290617-6rv9e.png,foto-web,original,298,298,rescate 1920/q85,0.9575,0.9575,false,image/jpeg,image/jpeg,"public, max-age=31536000",no ahorra,funnels.imagenes | funnels.layout
true,embudos,chat-media,embudos/promociones/1790174769598-7sw81.jpg,foto-web,actual,298,241,1920/q80,0.98,,true,image/jpeg,image/jpeg,"public, max-age=3600",cabe,promociones.fotos
true,chat-saliente,chat-media,57318·····99/1784991501704-vuj63.png,foto-whatsapp,actual,296,30,1920/q85,0.9781,,true,image/png,image/jpeg,"public, max-age=3600",cabe,messages.content
true,chat-saliente,chat-media,57311·····25/1788534455602-3mff7.png,foto-whatsapp,actual,294,30,1920/q85,0.9831,,true,image/png,image/jpeg,"public, max-age=3600",cabe,messages.content
true,chat-saliente,chat-media,57320·····39/1784990490608-km1bq.png,foto-whatsapp,actual,293,29,1920/q85,0.9782,,true,image/png,image/jpeg,"public, max-age=3600",cabe,messages.content
true,embudos,chat-media,embudos/promociones/1790007027113-wpf7x.jpg,foto-web,actual,293,236,1920/q80,0.98,,true,image/jpeg,image/jpeg,"public, max-age=3600",cabe,promociones.fotos
true,chat-saliente,chat-media,57310·····81/1786222967794-x3bn1.png,foto-whatsapp,actual,290,31,1920/q85,0.9817,,true,image/png,image/jpeg,"public, max-age=3600",cabe,messages.content
true,catalogo,chat-media,catalogo/marcas/67ddb081-3150-4ecf-a549-c0608cabb58c-s2-9hslz2.jpg,foto-whatsapp,original,289,242,1920/q80,0.9837,0.9873,true,image/jpeg,image/jpeg,"public, max-age=31536000",cabe,catalogo_colores.url_imagen | messages.content
true,catalogo,chat-media,catalogo/marcas/67ddb081-3150-4ecf-a549-c0608cabb58c-9hslz2.jpg,foto-whatsapp,original,289,241,1920/q80,0.9839,0.9874,true,image/jpeg,image/jpeg,"public, max-age=31536000",cabe,messages.content
false,embudos,chat-media,embudos/america-fc-copia/1786204739102-dhw2q.jpg,foto-web,original,288,288,rescate 1920/q85,0.9542,0.9542,false,image/jpeg,image/jpeg,"public, max-age=31536000",no ahorra,
false,embudos,chat-media,embudos/america-fc-copia/1786205264811-zlbw1.jpg,foto-web,original,288,288,rescate 1920/q85,0.9542,0.9542,false,image/jpeg,image/jpeg,"public, max-age=31536000",no ahorra,
false,embudos,chat-media,embudos/america-fc-copia/1786205607492-jo3f8.jpg,foto-web,original,288,288,rescate 1920/q85,0.9542,0.9542,false,image/jpeg,image/jpeg,"public, max-age=31536000",no ahorra,
false,embudos,chat-media,embudos/Parejas/1786201880093-3us24.jpg,foto-web,original,288,288,rescate 1920/q85,0.9542,0.9542,false,image/jpeg,image/jpeg,"public, max-age=31536000",no ahorra,
true,chat-saliente,chat-media,57310·····48/1786194897276-o5x62.png,foto-whatsapp,actual,285,28,1920/q85,0.9902,,true,image/png,image/jpeg,"public, max-age=3600",cabe,messages.content | messages.reply_to
true,chat-saliente,chat-media,57316·····99/1786478636727-6oysj.jpg,foto-whatsapp,actual,285,163,1920/q85,0.9703,,true,image/jpeg,image/jpeg,"public, max-age=3600",cabe,messages.content
true,chat-saliente,chat-media,57322·····86/1786320289522-1jgqz.png,foto-whatsapp,actual,281,27,1920/q85,0.9895,,true,image/png,image/jpeg,"public, max-age=3600",cabe,messages.content
true,chat-saliente,chat-media,57316·····46/1788397256554-82vxx.jpg,foto-whatsapp,actual,281,167,1920/q85,0.9803,,true,image/jpeg,image/jpeg,"public, max-age=3600",cabe,messages.content
true,embudos,chat-media,embudos/polo-textura-promo/1787929059672-xhmmn.jpg,foto-web,actual,279,222,1920/q80,0.9793,,true,image/jpeg,image/jpeg,"public, max-age=3600",cabe,
true,catalogo-imagenes,catalogo-imagenes,1788145036380-mz7vtwghazq.jpg,foto-whatsapp,actual,274,242,1920/q80,0.9893,,true,image/jpeg,image/jpeg,"public, max-age=31536000",cabe,catalogo_colores.url_original
false,embudos,chat-media,embudos/MOTEROS/1785199818096-7f093.jpg,grafico-texto,original,272,465,rescate 1920/q90/444,0.9588,0.9343,false,image/jpeg,image/jpeg,"public, max-age=31536000",no ahorra,carritos_abandonados.datos | funnels.imagenes
true,embudos,chat-media,embudos/promociones/1790006945223-6dvrq.jpg,foto-web,actual,272,215,1920/q80,0.9801,,true,image/jpeg,image/jpeg,"public, max-age=3600",cabe,promociones.fotos
true,embudos,chat-media,embudos/promociones/1790026915109-j3x4x.jpg,foto-web,actual,271,219,1920/q80,0.9781,,true,image/jpeg,image/jpeg,"public, max-age=3600",cabe,
true,chat-saliente,chat-media,57323·····03/1786223314408-6y7r2.png,foto-whatsapp,actual,271,34,1920/q85,0.9891,,true,image/png,image/jpeg,"public, max-age=3600",cabe,messages.content
true,embudos,chat-media,embudos/promociones/1790026805028-ldukp.jpg,foto-web,actual,271,218,1920/q80,0.9804,,true,image/jpeg,image/jpeg,"public, max-age=3600",cabe,promociones.fotos
true,embudos,chat-media,embudos/promociones/1790006872110-icunb.jpg,foto-web,actual,270,219,1920/q80,0.9786,,true,image/jpeg,image/jpeg,"public, max-age=3600",cabe,
true,chat-saliente,chat-media,57310·····11/1785031352112-z2udg.jpg,foto-whatsapp,actual,270,204,1920/q85,0.9904,,true,image/jpeg,image/jpeg,"public, max-age=3600",cabe,messages.content
true,chat-saliente,chat-media,57311·····14/1786297656933-pemet.jpg,foto-whatsapp,actual,270,204,1920/q85,0.9904,,true,image/jpeg,image/jpeg,"public, max-age=3600",cabe,messages.content | messages.reply_to
true,catalogo-imagenes,catalogo-imagenes,1784395513473-9ipj875dmeu.jpg,foto-whatsapp,actual,270,204,1920/q85,0.9904,,true,image/jpeg,image/jpeg,"public, max-age=3600",cabe,catalogo_colores.url_original | messages.content
true,catalogo-imagenes,catalogo-imagenes,1784485204027-gcr9dp2sny7.jpg,foto-whatsapp,actual,270,204,1920/q85,0.9904,,true,image/jpeg,image/jpeg,"public, max-age=3600",cabe,catalogo_colores.url_original | funnels.variantes | messages.content
false,embudos,chat-media,embudos/MOTEROS/1785199811485-eactb.jpg,grafico-texto,original,270,448,rescate 1920/q90/444,0.9598,0.9333,false,image/jpeg,image/jpeg,"public, max-age=31536000",no ahorra,carritos_abandonados.datos | funnels.imagenes
true,embudos,chat-media,embudos/promociones/1789958473376-tqv8x.jpg,foto-web,actual,267,217,1920/q80,0.9786,,true,image/jpeg,image/jpeg,"public, max-age=3600",cabe,promociones.fotos
true,embudos,chat-media,embudos/promociones/1789958386007-wssst.jpg,foto-web,actual,266,215,1920/q80,0.9785,,true,image/jpeg,image/jpeg,"public, max-age=3600",cabe,promociones.fotos
true,chat-saliente,chat-media,57311·····91/1786303317906-8dmvo.png,foto-whatsapp,actual,266,64,1920/q85,0.9937,,true,image/png,image/jpeg,"public, max-age=3600",cabe,messages.content
false,embudos,chat-media,embudos/MOTEROS/1785199845432-kdx99.jpg,grafico-texto,original,266,437,rescate 1920/q90/444,0.9603,0.9352,false,image/jpeg,image/jpeg,"public, max-age=31536000",no ahorra,funnels.imagenes
false,embudos,chat-media,embudos/MOTEROS/1785199772092-nngwo.jpg,grafico-texto,original,266,439,rescate 1920/q90/444,0.9614,0.9376,false,image/jpeg,image/jpeg,"public, max-age=31536000",no ahorra,carritos_abandonados.datos | funnels.imagenes
true,embudos,chat-media,embudos/promociones/1790174411805-2oel5.jpg,foto-web,actual,265,250,1920/q85,0.993,,true,image/jpeg,image/jpeg,"public, max-age=3600",cabe,promociones.fotos
true,embudos,chat-media,embudos/promociones/1790174493457-ovx3w.jpg,foto-web,actual,265,249,1920/q85,0.9931,,true,image/jpeg,image/jpeg,"public, max-age=3600",cabe,promociones.fotos
true,embudos,chat-media,embudos/colombia/1787543178852-imbfg.png,foto-web,original,264,225,1920/q80,0.9713,0.9768,true,image/jpeg,image/jpeg,"public, max-age=31536000",cabe,funnels.imagenes | funnels.layout
true,embudos,chat-media,embudos/Parejas/1786201904482-19bic.jpg,foto-web,original,263,221,1920/q80,0.9576,0.9662,true,image/jpeg,image/jpeg,"public, max-age=31536000",cabe,
true,embudos,chat-media,embudos/promociones/1789958523758-f4dp3.jpg,foto-web,actual,261,246,1920/q85,0.9931,,true,image/jpeg,image/jpeg,"public, max-age=3600",cabe,promociones.fotos
true,embudos,chat-media,embudos/atl-nacional/1787714093297-04erk.jpg,foto-web,original,260,218,1920/q80,0.9543,0.9673,true,image/jpeg,image/jpeg,"public, max-age=31536000",cabe,funnels.variantes
true,embudos,chat-media,embudos/formula-1/1784842157017-zof09.jpg,foto-web,original,260,218,1920/q80,0.9573,0.9688,true,image/jpeg,image/jpeg,"public, max-age=31536000",cabe,
false,embudos,chat-media,embudos/MOTEROS/1785199855957-9yc7d.jpg,grafico-texto,original,258,430,rescate 1920/q90/444,0.9603,0.9374,false,image/jpeg,image/jpeg,"public, max-age=31536000",no ahorra,funnels.imagenes
true,catalogo,chat-media,catalogo/marcas/d0557db8-fe8f-49ac-8565-728b73178ea6-178-s2-bkd62i.jpg,foto-whatsapp,original,257,215,1920/q80,0.9545,0.9673,true,image/jpeg,image/jpeg,"public, max-age=31536000",cabe,clientes_funnelish.foto_producto | funnels.variantes | messages.content
true,embudos,chat-media,embudos/formula-1/1784842251543-c82sh.jpg,foto-web,original,257,215,1920/q80,0.9573,0.9689,true,image/jpeg,image/jpeg,"public, max-age=31536000",cabe,
true,catalogo,chat-media,catalogo/marcas/4b3aee91-110a-404e-865b-05c21dd0dedb-s2-w7r0rm.jpg,foto-whatsapp,original,256,215,1920/q80,0.9577,0.9691,true,image/jpeg,image/jpeg,"public, max-age=31536000",cabe,catalogo_colores.url_imagen | clientes_funnelish.foto_producto | messages.content
true,catalogo,chat-media,catalogo/marcas/4b3aee91-110a-404e-865b-05c21dd0dedb-w7r0rm.jpg,foto-whatsapp,original,256,215,1920/q80,0.9577,0.9691,true,image/jpeg,image/jpeg,"public, max-age=31536000",cabe,messages.content
false,embudos,chat-media,embudos/MOTEROS/1785199831625-x3ni8.jpg,grafico-texto,original,256,403,rescate 1920/q90/444,0.965,0.9449,false,image/jpeg,image/jpeg,"public, max-age=31536000",no ahorra,funnels.imagenes
true,catalogo,chat-media,catalogo/marcas/8c2d0218-c22f-41f7-b5dd-2b9fd3deab29-brj9qb.jpg,foto-whatsapp,original,256,215,1920/q80,0.9575,0.969,true,image/jpeg,image/jpeg,"public, max-age=31536000",cabe,clientes_funnelish.foto_producto | messages.content
true,catalogo,chat-media,catalogo/marcas/8c2d0218-c22f-41f7-b5dd-2b9fd3deab29-s2-brj9qb.jpg,foto-whatsapp,original,256,215,1920/q80,0.9575,0.969,true,image/jpeg,image/jpeg,"public, max-age=31536000",cabe,catalogo_colores.url_imagen | clientes_funnelish.foto_producto | funnels.variantes | messages.content
true,catalogo,chat-media,catalogo/marcas/6f1b2445-fd16-4eca-a8ad-ca5d07550afd-pqugk1.jpg,foto-whatsapp,original,255,207,1920/q80,0.9734,0.9816,true,image/jpeg,image/jpeg,"public, max-age=31536000",cabe,
true,catalogo,chat-media,catalogo/marcas/6f1b2445-fd16-4eca-a8ad-ca5d07550afd-s2-pqugk1.jpg,foto-whatsapp,original,255,207,1920/q80,0.9734,0.9816,true,image/jpeg,image/jpeg,"public, max-age=31536000",cabe,catalogo_colores.url_imagen
true,embudos,chat-media,embudos/america tk/1785985912402-7zlvx.jpg,foto-web,original,254,212,1920/q80,0.9534,0.9667,true,image/jpeg,image/jpeg,"public, max-age=31536000",cabe,funnels.imagenes
true,embudos,chat-media,embudos/america tk/1785986085076-kck70.jpg,foto-web,original,254,212,1920/q80,0.9534,0.9667,true,image/jpeg,image/jpeg,"public, max-age=31536000",cabe,funnels.variantes | messages.content
true,catalogo,chat-media,catalogo/marcas/0373f196-911c-40d9-aabd-4a30f9528b87-s2-ic66ou.jpg,foto-whatsapp,original,253,213,1920/q80,0.9573,0.9689,true,image/jpeg,image/jpeg,"public, max-age=31536000",cabe,catalogo_colores.url_imagen | clientes_funnelish.foto_producto | messages.content
true,catalogo,chat-media,catalogo/marcas/8528f112-c2ee-4e7b-8d9a-c1e66494eda2-s2-nt24sj.jpg,foto-whatsapp,original,253,212,1920/q80,0.9572,0.9688,true,image/jpeg,image/jpeg,"public, max-age=31536000",cabe,catalogo_colores.url_imagen | messages.content
true,embudos,chat-media,embudos/formula-1/1784842200808-043av.jpg,foto-web,original,252,211,1920/q80,0.9568,0.9685,true,image/jpeg,image/jpeg,"public, max-age=31536000",cabe,
true,catalogo,chat-media,catalogo/marcas/389a6c35-de53-4759-8b92-d826d7a8f56f-s2-5mvod3.jpg,foto-whatsapp,original,252,211,1920/q80,0.9578,0.9691,true,image/jpeg,image/jpeg,"public, max-age=31536000",cabe,catalogo_colores.url_imagen | messages.content
true,embudos,chat-media,embudos/tribal/1787772476575-muml7.jpg,foto-web,original,251,208,1920/q80,0.9629,0.9734,true,image/jpeg,image/jpeg,"public, max-age=31536000",cabe,funnels.variantes
true,catalogo,chat-media,catalogo/marcas/829b9c4f-7de7-4f09-a1e6-a4d9c11e6608-pi34lw.jpg,foto-whatsapp,original,251,211,1920/q80,0.9584,0.9698,true,image/jpeg,image/jpeg,"public, max-age=31536000",cabe,messages.content
true,catalogo,chat-media,catalogo/marcas/829b9c4f-7de7-4f09-a1e6-a4d9c11e6608-s2-pi34lw.jpg,foto-whatsapp,original,251,211,1920/q80,0.9584,0.9698,true,image/jpeg,image/jpeg,"public, max-age=31536000",cabe,catalogo_colores.url_imagen | clientes_funnelish.foto_producto | messages.content | messages.reply_to
true,catalogo,chat-media,catalogo/marcas/d27774a2-eff3-4a22-8f47-aa93c0eab751-178-s2-mkpoxa.jpg,foto-whatsapp,original,251,209,1920/q80,0.9533,0.9666,true,image/jpeg,image/jpeg,"public, max-age=31536000",cabe,catalogo_colores.url_imagen | clientes_funnelish.foto_producto | messages.content
true,chat-saliente,chat-media,57300·····69/1788547911615-hnczz.jpg,foto-whatsapp,actual,251,146,1920/q85,0.9843,,true,image/jpeg,image/jpeg,"public, max-age=3600",cabe,messages.content
